# orbsim fixture: the rotation from the celestial frame to the terrestrial one,
# from an implementation independent of ERFA in everything but the nutation
# series (M1-07, register decisions 75, 81 and 82). Written by
# scripts/skyfield-fixture.py; the recipe is data/skyfield/README.md.
source      = Skyfield 1.55 (Brandon Rhodes, MIT licence)
function    = skyfield.framelib.itrs.rotation_at
models      = IAU 2006 precession, IAU 2000A nutation, IERS 2003 frame bias
route       = equinox based: R3(GAST) x N x P x B
numpy       = 2.5.3
frame       = ICRS to ITRS
polar motion = none
delta t     = 69.2138671875 s, held constant
time scale  = TT and UT1
columns     = jd_tt_day jd_tt_fraction jd_ut1_day jd_ut1_fraction c2t_11 c2t_12 c2t_13 c2t_21 c2t_22 c2t_23 c2t_31 c2t_32 c2t_33
2415020.5 0.0 2415019.5 0.9991989135742188 -0.19380523262618962 0.9810384464698054 -0.0017602144238795104 -0.9809922303609004 -0.1938131894709629 -0.009523211571717058 -0.00968378945736312 -0.00011889156041587714 0.999953103943651
2415091.5 0.6180648803710938 2415091.5 0.6172637939453125 0.8263893590332926 0.5630415523648832 0.008052179027377293 -0.5630161808252377 0.8264285794920545 -0.005346319080050962 -0.009664750669678679 -0.00011536588556995582 0.9999532885516229
2415162.5 0.2361297607421875 2415162.5 0.23532867431640625 0.8326105880081813 -0.5538015258135851 0.007967354844207011 0.5537747671103578 0.832648698540641 0.005445376979425395 -0.009649665721674057 -0.00012175845543497948 0.9999534334789488
2415233.5 0.8541946411132812 2415233.5 0.8533935546875 -0.18286431727656066 -0.9831363586099885 -0.0018819792960259442 0.9830910188827006 -0.1828739597178462 0.009442639953330754 -0.009627567665351715 -0.0001234350352979454 0.9999536462779868
2415304.5 0.472259521484375 2415304.5 0.47145843505859375 -0.9796412445806307 -0.20053394790467471 -0.00944286261040371 0.200525847601617 -0.979686746079934 0.0018066540795130298 -0.009613342819526773 -0.00012366517776171528 0.9999537831053783
2415375.5 0.09032440185546875 2415375.5 0.0895233154296875 -0.5544361866892056 0.8322099297597337 -0.0052103453655937965 -0.8321709431716308 -0.5544606529627106 -0.00805640471956319 -0.009593551499349703 -0.0001308642940091723 0.9999539722628065
2415446.5 0.7083892822265625 2415446.5 0.7075881958007812 0.5480543237211006 0.8364256086604233 0.005353450069826633 -0.8363879531567731 0.5480804548395746 -0.00793768461621409 -0.009573404035700544 -0.00012727877198439352 0.9999541658172555
2415517.5 0.32645416259765625 2415517.5 0.325653076171875 0.9811470134751323 -0.1930363298915166 0.009354853865285253 0.19302627099481515 0.9811916010124195 0.001975046460671993 -0.009560159761447473 -0.00013207837905127273 0.9999542919057036
2415588.5 0.94451904296875 2415588.5 0.9437179565429688 0.20723711742609435 -0.9782890034969557 0.0018446674105298381 0.9782442408004888 0.20724528315895013 0.009359377599115344 -0.009538474804617282 -0.00013507516400564217 0.9999544985913619
2415659.5 0.5625839233398438 2415659.5 0.5617828369140625 -0.8283511036808384 -0.5601526733242431 -0.007964395673448801 0.5601283243153952 -0.8283893799321524 0.0052245110057415065 -0.009524144600138264 -0.00013335414496066337 0.999954635414181
2415730.5 0.1806488037109375 2415730.5 0.17984771728515625 -0.8306732557863357 0.5567053116997174 -0.007819082212577324 -0.5566790522648971 -0.8307100434154612 -0.005408931330747167 -0.0095065709267228 -0.00014033532316330686 0.9999548016861622
2415801.5 0.7987136840820312 2415801.5 0.79791259765625 0.18629577245471252 0.9824918667099193 0.001901844988823541 -0.982447918315692 0.18630542950024265 -0.009293800938938166 -0.009485407880811075 -0.00013706782527471946 0.999955003112513
2415872.5 0.416778564453125 2415872.5 0.41597747802734375 0.9803366851290755 0.19711218454346727 0.009315068149965194 -0.197104637962113 0.9803809296456037 -0.0017304568891819455 -0.009473409310257638 -0.00013961276479765427 0.9999551165048941
2415943.5 0.03484344482421875 2415943.5 0.0340423583984375 0.5515281362067267 -0.8341407348350353 0.005094061365838946 0.8341027273977726 0.5515516421117169 0.007964058730797835 -0.009452783713321073 -0.0001434319896656654 0.9999553111551203
2416014.5 0.6529083251953125 2416014.5 0.6521072387695312 -0.5509718262908101 -0.83450690606393 -0.005316988374901184 0.8344704775287889 -0.5509974628917376 0.007798590881736343 -0.009437625053169248 -0.00014006596761929812 0.9999554548153033
2416085.5 0.27097320556640625 2416085.5 0.270172119140625 -0.9804683968000467 0.1964609472639002 -0.009209727276977839 -0.19645088014389356 -0.9805116393440134 -0.001994191968246619 -0.009422025633366273 -0.000145983172576535 0.9999556010753063
2416156.5 0.8890380859375 2416156.5 0.8882369995117188 -0.2038206758090387 0.9790066287444469 -0.0017756652777296527 -0.9789631098579199 -0.2038283599595372 -0.009231966936515042 -0.009400087768592177 -0.00014335493769998862 0.9999558079231823
2416227.5 0.5071029663085938 2416227.5 0.5063018798828125 0.8303027456727679 0.5572569673219846 0.007875461851209216 -0.5572335293150625 0.830340082053551 -0.005112919164146765 -0.009388521467315215 -0.0001432005819472154 0.9999559166074526
2416298.5 0.1251678466796875 2416298.5 0.12436676025390625 0.8287256698615569 -0.5596023110777338 0.007682288003618318 0.5595766106901283 0.8287612633936285 0.00536517164192633 -0.009369145161780792 -0.00014742677947321 0.9999560977284363
2416369.5 0.7432327270507812 2416369.5 0.742431640625 -0.18972502016127846 -0.9818353988896923 -0.001914735470630883 0.9817927179086584 -0.18973462810521383 0.009155870210128418 -0.009352849102381358 -0.00014277568158178647 0.9999562509573969
2416440.5 0.361297607421875 2416440.5 0.36049652099609375 -0.9810201260501658 -0.19368801921680823 -0.009190402406149647 0.193680920767909 -0.981063162919508 0.0016647200559369078 -0.0093388015832628 -0.00014688172114304113 0.9999563816540941
2416511.5 0.9793624877929688 2416511.5 0.9785614013671875 -0.5629127971200525 0.826500405869184 -0.005124640138609847 -0.8264637837081145 -0.5629361047519316 -0.007781785501523237 -0.009316493833277973 -0.00014513716415857298 0.9999565899967149
2416582.5 0.5974273681640625 2416582.5 0.5966262817382812 0.5538826814629703 0.8325780320735294 0.00527216122301843 -0.8325427328759175 0.5539077543259228 -0.007667961470293293 -0.009304467254436446 -0.00014214845225907335 0.9999567024041234
2416653.5 0.21549224853515625 2416653.5 0.214691162109375 0.9797777581988929 -0.1998831695765447 0.009069898499164557 0.19987322168463195 0.97981972685082 0.001999531793126953 -0.009286538222493017 -0.00014626694434252091 0.9999568684767474
2416724.5 0.83355712890625 2416724.5 0.8327560424804688 0.20040162521469296 -0.9797123210973816 0.0017194479608060383 0.9796699846533619 0.20040895194726316 0.009108959802429801 -0.0092687529145719 -0.00014095879105278336 0.999957034251986
2416795.5 0.45162200927734375 2416795.5 0.4508209228515625 -0.8322442889315114 -0.5543544690256722 -0.007782429707405608 0.5543318284043415 -0.832280663181092 0.005012156495890685 -0.00925567711099048 -0.00014270987020407655 0.9999571551197131
2416866.5 0.0696868896484375 2416866.5 0.06888580322265625 -0.8267678807595037 0.5624924897434702 -0.007554490494306962 -0.5624674289107774 -0.826802381915216 -0.005311560394748483 -0.009233783565711393 -0.0001422726860343137 0.9999573575905847
2416937.5 0.6877517700195312 2416937.5 0.68695068359375 0.19315207150878 0.9811669638201264 0.001914779325011168 -0.9811255103440916 0.1931615140421499 -0.009020113357892854 -0.009220098910150515 -0.00013638526213260072 0.9999574846837974
2417008.5 0.305816650390625 2417008.5 0.30501556396484375 0.9816916232079043 0.19026149310832008 0.009062072810535934 -0.190254701048711 0.9817334386985405 -0.0016137131106075944 -0.009203567367894325 -0.0001399333105116906 0.9999576364858528
2417079.5 0.9238815307617188 2417079.5 0.9230804443359375 0.5600243875782768 -0.8284608403357888 0.005032032163252783 0.8284252150747855 0.5600469783062659 0.007684082138973604 -0.00918413555383062 -0.00013461106687963768 0.9999578158772445
2417150.5 0.5419464111328125 2417150.5 0.5411453247070312 -0.5567868620728496 -0.8306390095512111 -0.00521785730494133 0.830604764895049 -0.5568112947098658 0.007543647470602487 -0.009171409744958121 -0.0001337733362920743 0.9999579327891672
2417221.5 0.16001129150390625 2417221.5 0.159210205078125 -0.979075143704161 0.2033029562242216 -0.00893145963250558 -0.20329324494620435 -0.9791158715735845 -0.001991630473530903 -0.009149838245477725 -0.00013425048128555962 0.9999581303419108
2417292.5 0.778076171875 2417292.5 0.7772750854492188 -0.1969800161213767 0.9804060720962602 -0.0016754240071837512 -0.9803649521501321 -0.19698710065633035 -0.008980131997003721 -0.009134212855631159 -0.00012637956891375365 0.999958274221336
2417363.5 0.39614105224609375 2417363.5 0.3953399658203125 0.8341757740368659 0.5514452134196364 0.007678190318638501 -0.5514232710190033 0.8342111003617984 -0.004920997038979042 -0.009118891856893586 -0.00012895630699232073 0.9999584137260773
2417434.5 0.0142059326171875 2417434.5 0.01340484619140625 0.8247999283804527 -0.5653758135365217 0.007434218957922381 0.5653514861669172 0.8248334220036665 0.005246240042388297 -0.009098089494958467 -0.0001241516748826069 0.9999586038201299
2417505.5 0.6322708129882812 2417505.5 0.6314697265625 -0.19657685869888866 -0.9804865688174917 -0.001904466481825909 0.9804463286818136 -0.19658604670609434 0.00888385135069949 -0.009084888465476062 -0.00012086757854119562 0.9999587242444551
2417576.5 0.250335693359375 2417576.5 0.24953460693359375 -0.9823511950717133 -0.18683264668792546 -0.008927019254056381 0.18682606035274574 -0.9823917483536301 0.001573511922085239 -0.009063813449574817 -0.00012205852081409766 0.9999589153497601
2417647.5 0.8684005737304688 2417647.5 0.8675994873046875 -0.5571290815330634 0.830411177243099 -0.0049460307168946345 -0.8303766369847181 -0.5571510243467871 -0.007574748793040191 -0.009045842142915433 -0.000113044484797731 0.9999590791431765
2417718.5 0.4864654541015625 2417718.5 0.48566436767578125 0.5596843699426535 0.8286898615909049 0.005149693033955357 -0.8286566473858173 0.5597080491012423 -0.00742027725735188 -0.009031433174864139 -0.00011431416300845449 0.999959209241597
2417789.5 0.10453033447265625 2417789.5 0.103729248046875 0.9783605843472677 -0.20672026669761184 0.0087919470050626 0.20671090326874952 0.9784000813093606 0.001970625194065779 -0.009009409830296806 -0.00011059070949394687 0.9999594083282604
2417860.5 0.72259521484375 2417860.5 0.7217941284179688 0.19355594458306996 -0.9810878724643596 0.0016379315953781305 0.9810480016589826 0.1935628462127591 0.008845507726173459 -0.008995263057439435 -0.00010521108476224894 0.9999595362679208
2417931.5 0.34066009521484375 2417931.5 0.3398590087890625 -0.8360971737226641 -0.5485292343616648 -0.00756274709223677 0.5485079476313521 -0.8361313698403671 0.004833606739333824 -0.008974824689918011 -0.00010686195237968741 0.9999597197399044
2418002.5 0.9587249755859375 2418002.5 0.9579238891601562 -0.8324744691280922 0.5540139808099345 -0.00740049437731452 -0.5539910436705272 -0.8325073570359763 -0.005042223102581467 -0.008954428108008351 -9.771439678640413e-05 0.9999599035307141
2418073.5 0.5767898559570312 2418073.5 0.57598876953125 0.19999933874081294 0.979794221505413 0.0018836156298946572 -0.9797552412046104 0.2000081848661016 -0.00874032714845857 -0.008940460577244897 -9.742263573971877e-05 0.9999600285378895
2418144.5 0.194854736328125 2418144.5 0.19405364990234375 0.982998842535258 0.1834015203474844 0.008783957455248993 -0.1833950630696209 0.9830380833258985 -0.0015419379471542014 -0.008917758464611429 -9.521121419817782e-05 0.9999602314686277
2418215.5 0.8129196166992188 2418215.5 0.8121185302734375 0.554226971917564 -0.8323513924341772 0.004860361300557539 0.8323179789203357 0.5542482762290233 0.007458569777548256 -0.008901997812591687 -8.837444814953589e-05 0.9999603725272824
2418286.5 0.4309844970703125 2418286.5 0.43018341064453125 -0.5625751291034006 -0.8267306102707409 -0.0050717014563981646 0.8266984511573983 -0.5625979824973419 0.007292526577055744 -0.008882283954660994 -9.017365816560006e-05 0.9999605476719869
2418357.5 0.04904937744140625 2418357.5 0.048248291015625 -0.9776341466944048 0.2101350596810953 -0.008644761993505768 -0.21012609956821546 -0.9776723632766875 -0.001942257765245747 -0.00885988133956892 -8.23273936013052e-05 0.999960747092029
2418428.5 0.6671142578125 2418428.5 0.6663131713867188 -0.19012948600990395 0.981757713361505 -0.001603372944022946 -0.9817191722080462 -0.1901362297419655 -0.008699486114717828 -0.00884564688185 -7.996686420024985e-05 0.9999608733028218
2418499.5 0.28517913818359375 2418499.5 0.2843780517578125 0.8380084498197532 0.5456065659961852 0.007437282605021565 -0.5455859192050534 0.838041448154426 -0.004747203430122493 -0.008822856446238099 -7.948007899810209e-05 0.9999610746859328
2418570.5 0.9032440185546875 2418570.5 0.9024429321289062 0.8305361206122744 -0.5569172790582352 0.007273007952883324 0.5568951652367922 0.8305679617582536 0.004963450073096066 -0.008804958500725595 -7.202160287827056e-05 0.9999612330079047
2418641.5 0.5213088989257812 2418641.5 0.5205078125 -0.20341940295052346 -0.9790899290298258 -0.0018594019534776134 0.9790522721586629 -0.20342788759988845 0.008587370238071474 -0.008786061928538955 -7.361398067067034e-05 0.9999613991033703
2418712.5 0.139373779296875 2418712.5 0.13857269287109375 -0.9836345697680139 -0.17996815514358924 -0.008631123420998171 0.17996182922483997 -0.9836724345898401 0.0015104470018519347 -0.008762030549141783 -6.754487228986222e-05 0.9999616103922919
2418783.5 0.7574386596679688 2418783.5 0.7566375732421875 -0.5513181416548407 0.8342814620158712 -0.004769572193705474 -0.834249240052039 -0.5513387688999367 -0.007332624393740643 -0.008747122661077791 -6.359687624361255e-05 0.9999617411684255
2418854.5 0.3755035400390625 2418854.5 0.37470245361328125 0.5654590717082758 0.8247612785243115 0.0049871504649826506 -0.8247302083644731 0.5654810600237111 -0.007159201460389467 -0.008724771281117727 -6.481823017142989e-05 0.9999619363579241
2418925.5 0.9935684204101562 2418925.5 0.992767333984375 0.9804244379761179 -0.19671115566337594 0.008523066161430124 0.19670321178203665 0.9804614821174262 0.0017687732280538275 -0.008704475506615232 -5.763400984350358e-05 0.999962113674551
2418996.5 0.61163330078125 2418996.5 0.6108322143554688 0.18670074950590793 -0.9824155859917656 0.0015641401429720128 0.9823784273289742 0.18670729217426388 0.008544739177211906 -0.008686521316600464 -5.873167494874171e-05 0.9999622697372168
2419067.5 0.22969818115234375 2419067.5 0.2288970947265625 -0.8399095477320712 -0.5426772432777309 -0.00730487898548993 0.5426572878244984 -0.8399413114069822 0.004654176927889235 -0.008661385539693126 -5.4958179589222547e-05 0.9999624879864901
2419138.5 0.8477630615234375 2419138.5 0.8469619750976562 -0.8285877139328345 0.5598137902920557 -0.007135861433553982 -0.5597925130069326 -0.828618439163088 -0.004881051148440465 -0.008645386107171082 -4.977720832297189e-05 0.9999626267122623
2419209.5 0.46582794189453125 2419209.5 0.46502685546875 0.20683697850845117 0.9783736996943345 0.001835229662969273 -0.978337412263349 0.20684511351440224 -0.008426552145872854 -0.008623925286584398 -5.255125428774069e-05 0.9999628118840304
2419280.5 0.083892822265625 2419280.5 0.08309173583984375 0.9842583104592176 0.17653259255301834 0.008474789583061759 -0.17652645510227402 0.9842947940579622 -0.0014727659073242043 -0.008601682451185637 -4.6442479196499125e-05 0.9999630037666918
2419351.5 0.7019577026367188 2419351.5 0.7011566162109375 0.5484026675102733 -0.8362013622508896 0.004668622641766185 0.8361703319721828 0.5484225374398033 0.007203912660495523 -0.008584299455786775 -4.688117531395879e-05 0.9999631531236582
2419422.5 0.3200225830078125 2419422.5 0.31922149658203125 -0.5683361086373646 -0.8227818901443064 -0.004901925081294245 0.8227519777774563 -0.5683572460766424 0.007015974305577397 -0.00855866124002294 -4.56370204258095e-05 0.99996337294675
2419493.5 0.9380874633789062 2419493.5 0.937286376953125 -0.9797330247735497 0.20013321266018047 -0.008360464005343793 -0.20012558010039402 -0.9797686949539273 -0.0017483071124510963 -0.008541215226854118 -3.973150654260949e-05 0.999963522366619
2419564.5 0.55615234375 2419564.5 0.5553512573242188 -0.18326978870759209 0.9830614824093356 -0.0015186672556624834 -0.9830257259708861 -0.1832760756018762 -0.008384640206282962 -0.008520952205417999 -4.376225749464575e-05 0.9999636950701651
2419635.5 0.17421722412109375 2419635.5 0.1734161376953125 0.8418003662129074 0.5397413021400005 0.007174274042285392 -0.5397221003929845 0.841830936237914 -0.004552926551129208 -0.008496928339096398 -3.94590168217312e-05 0.9999638996742762
2419706.5 0.7922821044921875 2419706.5 0.7914810180664062 0.826629275909768 -0.5627034788121562 0.006988214477832968 0.5626829723276654 0.826658813179821 0.004804086243647424 -0.008480145128303132 -3.9049039349778513e-05 0.9999640421604046
2419777.5 0.41034698486328125 2419777.5 0.4095458984375 -0.21025197212207913 -0.9776455423221101 -0.0018170846113569213 0.9776106723059085 -0.21025982011075045 0.008257205373692194 -0.008454679909135922 -4.030759451540562e-05 0.9999642577427114
2419848.5 0.028411865234375 2419848.5 0.02761077880859375 -0.9848700615637767 -0.17309487564190748 -0.008314196405922798 0.1730890017548351 -0.9849051542415888 0.0014264010185737498 -0.008435597600493425 -3.427629732323889e-05 0.9999644191261297
2419919.5 0.6464767456054688 2419919.5 0.6456756591796875 -0.5454805726676404 0.8381110695105867 -0.004558509186274936 -0.8380812039529778 -0.5454996183624796 -0.007075446778762013 -0.008416675288425962 -3.911789370025782e-05 0.9999645783960948
2419990.5 0.2645416259765625 2419990.5 0.26374053955078125 0.5712061368339315 0.8207924699101784 0.004823959163061695 -0.8207637475970551 0.5712265049564594 -0.006866634231023969 -0.008391655003218024 -3.7067188780588034e-05 0.9999647887562492
2420061.5 0.8826065063476562 2420061.5 0.881805419921875 0.9790296883920416 -0.2035528315386384 0.00819231466580203 0.20354539974398383 0.9790639629224993 0.0017397556017981607 -0.008374932241137133 -3.576442123319474e-05 0.9999649290004439
2420132.5 0.50067138671875 2420132.5 0.49987030029296875 0.17983667564014227 -0.9836953945865654 0.0014631349499778321 0.983661040056969 0.1798426232242581 0.008221261816769174 -0.008350351414378985 -3.925554806193115e-05 0.9999651344373254
2420203.5 0.11873626708984375 2420203.5 0.1179351806640625 -0.843680877634687 -0.5367987799114305 -0.007046034286465312 0.5367803949725425 -0.8437102990605823 0.004442840557749414 -0.00832972308576333 -3.3833446331602285e-05 0.9999653066824928
2420274.5 0.7368011474609375 2420274.5 0.7360000610351562 -0.8246608020572189 0.5655863084030716 -0.006832956704635075 -0.5655665037026466 -0.8246891088397587 -0.004733249481197036 -0.008312126076304797 -3.883388011466829e-05 0.9999654529292605
2420345.5 0.35486602783203125 2420345.5 0.35406494140625 0.21366431010916112 0.9769054662809603 0.0018090151898811488 -0.9768719923358975 0.21367196449398448 -0.008087161366931512 -0.008286927975470617 -3.9238518503839635e-05 0.9999656620529866
2420416.5 0.972930908203125 2420416.5 0.9721298217773438 0.9824057553438306 0.18658191888427647 0.008131384431944893 -0.18657584094642107 0.9824394058485103 -0.0015064564914462203 -0.008269670032933137 -3.716836108265494e-05 0.999965805003381
2420487.5 0.5909957885742188 2420487.5 0.5901947021484375 0.5425518930356276 -0.8400105596724069 0.004438806405412031 0.8399818064338007 0.5425700487876933 0.006950325080993329 -0.008246709869131565 -4.239540708372363e-05 0.999965994411292
2420558.5 0.2090606689453125 2420558.5 0.20825958251953125 -0.5740691257635732 -0.818793043374054 -0.004752995613686726 0.8187655300258081 -0.5740888003279742 0.006712390002266159 -0.008224699788092283 -3.821311247113919e-05 0.9999661758545405
2420629.5 0.8271255493164062 2420629.5 0.826324462890625 -0.9783144090101055 0.20696996896677397 -0.00802178715122866 -0.20696265307412662 -0.9783472952470192 -0.0017407226549742668 -0.008208371076329298 -4.276370424332498e-05 0.9999663098402559
2420700.5 0.4451904296875 2420700.5 0.44438934326171875 -0.17640143842872036 0.9843173146294434 -0.001398799828063162 -0.9842842878648432 -0.1764069784420886 -0.008063412387578682 -0.008183714479202835 -4.55808511878842e-05 0.999966511809125
2420771.5 0.06325531005859375 2420771.5 0.0624542236328125 0.845550996744509 0.5338497138288811 0.006927838709983093 -0.5338322128783201 0.8455793760424637 -0.004322881570341242 -0.008165806622950807 -4.3086648409623954e-05 0.9999666583170346
2420842.5 0.6813201904296875 2420842.5 0.6805191040039062 0.8226822920371419 -0.5684622424483172 0.006672726514929915 0.5684430574401382 0.8227093511559133 0.004670542658673762 -0.008144741654736722 -4.930767789198805e-05 0.9999668298259349
2420913.5 0.29938507080078125 2420913.5 0.298583984375 -0.21707397261598588 -0.9761534811453869 -0.0018087731915726643 0.976121370378092 -0.21708150325147904 0.007917779819652686 -0.008121619537361886 -4.683824671625647e-05 0.9999670180072285
2420984.5 0.917449951171875 2420984.5 0.9166488647460938 -0.9830524885760572 -0.18315061879494984 -0.007978442169277407 0.18314500288100863 -0.983084863221583 0.0014351391276022833 -0.008106332347980257 -5.039472324164761e-05 0.9999671418782897
2421055.5 0.5355148315429688 2421055.5 0.5347137451171875 -0.539616615312206 0.8418998087305825 -0.004315152187908861 -0.8418720666929405 -0.5396338656855957 -0.006834788027415516 -0.008082808989175775 -5.535909120657821e-05 0.9999673320335096
2421126.5 0.1535797119140625 2421126.5 0.15277862548828125 0.5769249914562755 0.8167836356166386 0.004695404353729642 -0.8167573268903778 0.5769440959087373 -0.00655584982528262 -0.008063696674637199 -5.2772304187542175e-05 0.9999674864769471
2421197.5 0.7716445922851562 2421197.5 0.770843505859375 0.977587164032016 -0.21038458167562518 0.007852675532002938 0.21037730797275062 0.9776187008706108 0.0017504280046193152 -0.008045185515457935 -5.9171210077415045e-05 0.9999676352206553
2421268.5 0.38970947265625 2421268.5 0.38890838623046875 0.1729640837264431 -0.9849272347033535 0.0013296917975219062 0.9848954678402166 0.17296918482634693 0.007910659157793527 -0.008021419355251648 -5.8652487901997965e-05 0.9999678261781291
2421339.5 0.00777435302734375 2421339.5 0.0069732666015625 -0.847410722760182 -0.5308941411224154 -0.006817468222217856 0.5308775337497372 -0.8474381436247552 0.004199629700699361 -0.008006941417439694 -6.0429476239209554e-05 0.9999679421048538
2421410.5 0.6258392333984375 2421410.5 0.6250381469726562 -0.8206937105738777 0.5713312447811781 -0.00651476486662341 -0.5713125905175741 -0.8207195648867256 -0.004617329124606968 -0.007984819382998241 -6.744577965670109e-05 0.9999681185470303
2421481.5 0.24390411376953125 2421481.5 0.24310302734375 0.22048089515628963 0.9753895960318897 0.0018195669346817954 -0.9753587741541347 0.22048839362193565 -0.007754350943874613 -0.007964706625148595 -6.504433744688612e-05 0.9999682791056973
2421552.5 0.861968994140625 2421552.5 0.8611679077148438 0.9836871606925648 0.179717088095377 0.007831866643351094 -0.17971196467971973 0.9837183353157734 -0.0013588651580264302 -0.007948562106124909 -7.078193252886439e-05 0.9999684071761282
2421623.5 0.48003387451171875 2421623.5 0.4792327880859375 0.5366747375580899 -0.8437787930154159 0.004192198039346055 0.8437519922125575 0.5366911059817661 0.006725503506183708 -0.00792475263309752 -7.223238168509028e-05 0.9999685960459894
2421694.5 0.0980987548828125 2421694.5 0.09729766845703125 -0.5797737509012486 -0.8147642717650946 -0.004645344012480425 0.8147391132792319 -0.5797923561269358 0.006403207769913138 -0.007910439865627717 -7.233167504845409e-05 0.9999687093650788
2421765.5 0.7161636352539062 2421765.5 0.715362548828125 -0.976847919074614 0.2137966272235319 -0.007690590837968753 -0.21378935310965017 -0.9768781887850341 -0.0017654384808315786 -0.007890215241251775 -8.039846598003418e-05 0.9999688685351825
2421836.5 0.334228515625 2421836.5 0.33342742919921875 -0.16952464423332975 0.9855251470396702 -0.0012568014953723815 -0.9854945290210062 -0.16952928478523652 -0.0077688396734951 -0.00786945152017404 -7.843878400572499e-05 0.9999690323105654
2421907.5 0.9522933959960938 2421907.5 0.9514923095703125 0.8400535205918044 0.5424628484839044 0.00664383594361705 -0.5424466600728031 0.8400797885740863 -0.004191635143612302 -0.007855158634641556 -8.272875826456405e-05 0.9999691443433529
2421978.5 0.5703582763671875 2421978.5 0.5695571899414062 0.8186950543047435 -0.5741932799915124 0.0063628035911246356 0.5741751202404034 0.818719774905332 0.004567436467340936 -0.007831944450225403 -8.597412966879506e-05 0.9999693261568466
2422049.5 0.18842315673828125 2422049.5 0.1876220703125 -0.22388511041537063 -0.9746138206146421 -0.001832484987299513 0.9745841918599032 -0.22389259376953097 0.007599962626900948 -0.007817308429180296 -8.439242857207921e-05 0.9999694408164888
2422120.5 0.806488037109375 2422120.5 0.8056869506835938 -0.9843097534104698 -0.1762813689383341 -0.007693393675605859 0.17627671953934662 -0.9843398144851467 0.0012836540778684534 -0.007799198001494661 -9.265297041531109e-05 0.9999695815003378
2422191.5 0.42455291748046875 2422191.5 0.4237518310546875 -0.5337262630374777 0.8456474896771812 -0.004074229587090137 -0.8456215333235216 -0.5337418054226926 -0.0066262752510781115 -0.00777807968750194 -9.136085707415135e-05 0.9999697461071353
2422262.5 0.0426177978515625 2422262.5 0.04181671142578125 0.5826153918073373 0.812734976550005 0.004600339275334342 -0.8127109003488514 0.5826335461719427 -0.0062564629994611 -0.0077651582947327645 -9.363423261365816e-05 0.999969846320022
2422333.5 0.6606826782226562 2422333.5 0.659881591796875 0.9760966772709606 -0.21720606405796428 0.007536733844106652 0.2171988117585423 0.9761257685838476 0.001777660617748313 -0.0077429187822001195 -9.819898682484296e-05 0.9999700183333955
2422404.5 0.27874755859375 2422404.5 0.27794647216796875 0.16608308722783266 -0.9861110449743558 0.0011895866741370074 0.9860814849766554 0.1660873201756111 0.007635906175381055 -0.007727426680752839 -9.516547725365894e-05 0.999970138464357
2422475.5 0.8968124389648438 2422475.5 0.8960113525390625 -0.8419432011963383 -0.5395264284282754 -0.006548204845119981 0.5395110556291939 -0.8419686588515478 0.004074109178235602 -0.007711472825288851 -0.00010266038492548664 0.9999702608816476
2422546.5 0.5148773193359375 2422546.5 0.5140762329101562 -0.8166863125712052 0.5770483139486492 -0.00622175440421411 -0.5770306118382528 -0.8167100054081942 -0.00452106931175294 -0.007690244496703833 -0.00010215267452916303 0.9999704244148484
2422617.5 0.13294219970703125 2422617.5 0.13214111328125 0.22728660195072292 0.9738261645248647 0.0018444133177001726 -0.973797646363209 0.2272940625640241 -0.007453392557437577 -0.007677532882932527 -0.00010202908031825825 0.999970522104976
2422688.5 0.751007080078125 2422688.5 0.7502059936523438 0.9849202827884714 0.17284350291839418 0.007560426626711496 -0.1728392460374098 0.9849492941190691 -0.0012178027616670524 -0.0076571261644063915 -0.00010729979748595153 0.9999706780229388
2422759.5 0.36907196044921875 2422759.5 0.3682708740234375 0.5307711785648076 -0.847505877024472 0.003967923122128113 0.8474807260831937 0.5307859999633436 0.0065300199401612845 -0.007640348318527787 -0.00010320801111328971 0.9999708067867172
2422830.5 0.9871368408203125 2422830.5 0.9863357543945312 -0.5714186667961744 -0.8206466520931759 -0.004447431297627109 0.8206232672633237 -0.5714359636183284 0.006196185089051237 -0.007626300738263071 -0.00010904977958565979 0.9999709133995823
2422901.5 0.6052017211914062 2422901.5 0.604400634765625 -0.9753334318203624 0.22061285182581003 -0.007393671807477745 -0.22060566199575554 -0.9753614497474842 -0.0017844444237891392 -0.007605173826353041 -0.00010934244008471621 0.9999710742693019
2422972.5 0.2232666015625 2422972.5 0.22246551513671875 -0.1626394460457546 0.986684921864036 -0.0011294051931831008 -0.9866563600039466 -0.1626433323551436 -0.0075082424160105325 -0.007591959805773756 -0.00010680157044734333 0.9999711749544244
2423043.5 0.8413314819335938 2423043.5 0.8405303955078125 0.8438226133989873 0.5365834330011982 0.006451088679770064 -0.5365687630382676 0.8438472651356663 -0.003969339320058198 -0.007573615258672754 -0.00011203439464115086 0.999971313488646
2423114.5 0.4593963623046875 2423114.5 0.45859527587890625 0.8146675034779419 -0.5798963131443884 0.00609301063191405 0.5798791042432897 0.8146902813189019 0.004468779087309833 -0.007555345062778495 -0.00010735955527964381 0.999971452209966
2423185.5 0.07746124267578125 2423185.5 0.07666015625 -0.23068538637349315 -0.9730266380800441 -0.0018477284324582442 0.9729991548854952 -0.2306927596509096 0.007314043803436228 -0.007543017023994634 -0.00011059518249712401 0.999971544926595
2423256.5 0.695526123046875 2423256.5 0.6947250366210938 -0.9855187509070613 -0.16940353078272863 -0.007432050116370172 0.16939956933551586 -0.9855467676519307 0.0011639071148622268 -0.007521802943974239 -0.00011193380298792721 0.9999717045753322
2423327.5 0.31359100341796875 2423327.5 0.3127899169921875 -0.5278095366211215 0.8493539331850177 -0.0038715933328474757 -0.8493295765600017 -0.5278237250112485 -0.00643317150871519 -0.007507558338450971 -0.00010723054702506103 0.9999718121374245
2423398.5 0.9316558837890625 2423398.5 0.9308547973632812 0.5742809457102247 0.818646499762535 0.004393611353089978 -0.8186240150091131 0.5742977415463809 -0.006068451621565649 -0.007491157756282771 -0.00011171963003249161 0.9999719346432651
2423469.5 0.5497207641601562 2423469.5 0.548919677734375 0.974558225344367 -0.2240169501279003 0.007257511214656115 0.22400992004060566 0.9745852423541612 0.001777950753957098 -0.007471354431400403 -0.00010696202464290956 0.9999720833213723
2423540.5 0.16778564453125 2423540.5 0.16698455810546875 0.1591937250183703 -0.9872467717200241 0.0010815004233606443 0.9872191807023672 0.15919736236985924 0.007381671072802229 -0.0074597029513216485 -0.00010743775306602403 0.9999721702572563
2423611.5 0.7858505249023438 2423611.5 0.7850494384765625 -0.8456917561579631 -0.5336338972305779 -0.006349589984238339 0.5336198241510157 -0.8457155856086945 0.0038770519186433253 -0.007438873537003818 -0.00010947624503292668 0.9999723252047791
2423682.5 0.4039154052734375 2423682.5 0.40311431884765625 -0.8126386865064414 0.582737243791373 -0.0059724276066886895 -0.582720569090868 -0.8126606266226425 -0.004409568653667804 -0.007423176644854869 -0.00010312966495861274 0.9999724425266784
2423753.5 0.02198028564453125 2423753.5 0.02117919921875 0.2340814559490516 0.9722152514242786 0.0018376285805776682 -0.9721887597832167 0.23408864473700802 -0.007177865724620616 -0.0074085985141068246 -0.00010631659127373598 0.9999725503056768
2423824.5 0.640045166015625 2423824.5 0.6392440795898438 0.9861052019581728 0.1659614935805811 0.007301597053725324 -0.1659577081663799 0.9861322285945291 -0.0011255342507316634 -0.00738713552021459 -0.00010186113336768917 0.9999727095541735
2423895.5 0.25811004638671875 2423895.5 0.2573089599609375 0.5248413681796003 -0.8511916366424808 0.003786285416832681 0.8511681046315476 0.5248550159860084 0.0063300752182087645 -0.0073753579780340955 -9.951995637060217e-05 0.999972796725228
2423966.5 0.8761749267578125 2423966.5 0.8753738403320312 -0.5771362982676226 -0.8166363686365544 -0.004328353272316949 0.8166147168079169 -0.5771525197079812 0.005947544657404167 -0.007355101268627954 -0.0001020530743677374 0.9999729456692806
2424037.5 0.49423980712890625 2424037.5 0.493438720703125 -0.9737711021764823 0.2274183185827843 -0.007123828954768903 -0.22741152012260651 -0.9737971551567803 -0.0017610008768804612 -0.007337648228418081 -9.477099312189454e-05 0.999973074605979
2424108.5 0.1123046875 2424108.5 0.11150360107421875 -0.15574596886942527 0.9877965879693732 -0.001045933548370778 -0.9877699893347887 -0.15574945132841245 -0.007249591743757737 -0.007324025564937219 -9.595292012591328e-05 0.999973174361473
2424179.5 0.7303695678710938 2424179.5 0.7295684814453125 0.8475506500902302 0.5306778562122827 0.006237664431995835 -0.5306642842694445 0.8475735982106665 -0.0037964479477199647 -0.007301570545172613 -9.242380520004365e-05 0.9999733389073
2424250.5 0.3484344482421875 2424250.5 0.34763336181640625 0.8105999091608774 -0.5855710721725973 0.005857192416997285 0.5855550021253101 0.8106210654603253 0.004339091840199301 -0.007288810218791009 -8.755913332878529e-05 0.9999734324365784
2424321.5 0.9664993286132812 2424321.5 0.9656982421875 -0.22073083361476525 -0.9753332937131548 -0.0016927097744835785 0.9753076724143656 -0.22073730544632075 0.0070700858530266435 -0.007269334316387072 -9.032688616382467e-05 0.9999735739606572
2424392.5 0.584564208984375 2424392.5 0.5837631225585938 -0.9866796424773411 -0.162517431801929 -0.007167111084147429 0.1625137541327227 -0.9867056691275998 0.0010964621032513093 -0.0072500233430817275 -8.289729255088634e-05 0.999973714799326
2424463.5 0.20262908935546875 2424463.5 0.2018280029296875 -0.5218667495121965 0.8530189651033783 -0.003706875710616064 -0.8529963232705121 -0.5218799081076948 -0.0062156255111182526 -0.007236590396184863 -8.177692970171737e-05 0.9999738121930853
2424534.5 0.8206939697265625 2424534.5 0.8198928833007812 0.5799847070521572 0.8146162822281822 0.0042488015205432135 -0.8145954218450485 0.5800002641350797 -0.005830292644722527 -0.00721375732271643 -7.957369539078145e-05 0.9999739773480688
2424605.5 0.43875885009765625 2424605.5 0.437957763671875 0.9729721055253925 -0.23081691666757853 0.006988050483207826 0.23081042587520392 0.9729971971611205 0.0017325195271101022 -0.007199248349093211 -7.27782640952506e-05 0.9999740824274056
2424676.5 0.05682373046875 2424676.5 0.05602264404296875 0.15229624852065987 -0.9883343634612607 0.0010191605160151816 0.9883088000122909 0.1522996399075702 0.00710883269537565 -0.007181121416531479 -7.540324426955204e-05 0.9999742125722803
2424747.5 0.6748886108398438 2424747.5 0.6740875244140625 -0.8493992519899535 -0.5277153441680911 -0.006117699605501684 0.5277022378250634 -0.8494212799390618 0.0037198630490622403 -0.007159533038379638 -6.867488079195412e-05 0.9999743678567131
2424818.5 0.2929534912109375 2424818.5 0.29215240478515625 -0.8085512548975696 0.5883977639576887 -0.005739300754882476 -0.588382365985102 -0.8085716215053969 -0.004257263664534325 -0.007145600138470448 -6.531252113689453e-05 0.9999744677405197
2424889.5 0.9110183715820312 2424889.5 0.91021728515625 0.2241351743177274 0.9745566528402372 0.0016595295709498686 -0.9745320348853942 0.2241413086167892 -0.006927247193857037 -0.007122963968360863 -6.462497239883495e-05 0.9999746292821223
2424960.5 0.529083251953125 2424960.5 0.5282821655273438 0.9872420914950001 0.159071386386965 0.007024728714183192 -0.15906776801886255 0.9872670818059387 -0.0010744114121879085 -0.007106191531014388 -5.670374781439157e-05 0.9999747490945006
2425031.5 0.14714813232421875 2425031.5 0.1463470458984375 0.5188857557959993 -0.8548358962414994 0.0036280751101146827 0.8548142015774277 0.5188984361364226 0.006090464409384923 -0.0070889501027451614 -5.892509970248928e-05 0.9999748713414119
2425102.5 0.7652130126953125 2425102.5 0.7644119262695312 -0.582826084935937 -0.8125862633734614 -0.004161645708896707 0.8125662008847172 -0.5828409403208438 0.005710294711286353 -0.007065684540458637 -5.3503932702636315e-05 0.9999750363080591
2425173.5 0.38327789306640625 2425173.5 0.382476806640625 -0.9721612921013043 0.2342127035072383 -0.006843365820396083 -0.234206550988646 -0.9721853769651827 -0.0016983194840344297 -0.007050788177584793 -4.827935805698247e-05 0.9999751417186219
2425244.5 0.0013427734375 2425244.5 0.00054168701171875 -0.14884463400795805 0.9888600910774352 -0.0009975977960350033 -0.988835612519386 -0.14884796892745683 -0.006957985310583917 -0.007028964393683442 -4.9198549302154515e-05 0.9999752953143668
2425315.5 0.6194076538085938 2425315.5 0.6186065673828125 0.8512375455426113 0.5247463962367702 0.00598838000761552 -0.5247337492597022 0.8512586081584033 -0.0036434083042673152 -0.0070095254080874535 -4.089915105963848e-05 0.9999754321386165
2425386.5 0.2374725341796875 2425386.5 0.23667144775390625 0.8064927737176855 -0.5912172851499269 0.005614951567149653 0.5912025899814 0.8065123185302436 0.004168651851333498 -0.006993106637135158 -4.241368513213509e-05 0.9999755470313467
2425457.5 0.8555374145507812 2425457.5 0.854736328125 -0.22753679440086394 -0.9737681303241861 -0.0016234403957480026 0.9737445493470404 -0.2275425825136479 0.006776854723806485 -0.006968486974082808 -3.883243657987742e-05 0.9999757190458846
2425528.5 0.473602294921875 2425528.5 0.47280120849609375 -0.9877925514837467 -0.15562339859905208 -0.006872629897749673 0.1556198597601429 -0.9878164590461437 0.0010499932242476124 -0.006952300443990793 -3.234221485681914e-05 0.9999758319442114
2425599.5 0.09166717529296875 2425599.5 0.0908660888671875 -0.5158984460481489 0.8566424078993777 -0.0035465974481826193 -0.8566217060929537 -0.5159106354849576 -0.005955572508761006 -0.00693152331762325 -3.437824571548465e-05 0.9999759761127432
2425670.5 0.7097320556640625 2425670.5 0.7089309692382812 0.5856603827066614 0.8105463362196801 0.004068533979492017 -0.8105270962315846 0.5856745138042155 -0.005584814642252755 -0.006909587707076569 -2.685235159550328e-05 0.9999761281534021
2425741.5 0.32779693603515625 2425741.5 0.326995849609375 0.971338667237252 -0.23760563830477072 0.006689856167346577 0.23759980876679568 0.9713617039469085 0.001664625886328735 -0.006893794582130952 -2.7406943841926614e-05 0.9999762371402225
2425812.5 0.94586181640625 2425812.5 0.9450607299804688 0.16238786017861417 -0.9867264035761912 0.0010896569211492231 0.9867031002795041 0.1623915139611544 0.006781452073087468 -0.006868388852223236 -2.605762871924954e-05 0.9999764119995903
2425883.5 0.5639266967773438 2425883.5 0.5631256103515625 -0.8530654738777317 -0.5217710481282634 -0.005854110769101153 0.5217589154539439 -0.8530855601718483 0.0035582538702776324 -0.006850651216165577 -1.9010961813589083e-05 0.9999765338329182
2425954.5 0.1819915771484375 2425954.5 0.18119049072265625 -0.8044244999731863 0.5940296015132263 -0.0054823689153660135 -0.5940156226427807 -0.8044431813728398 -0.004075291284853865 -0.006831097949726329 -2.1651369250824734e-05 0.999976667543808
2426025.5 0.8000564575195312 2426025.5 0.79925537109375 0.23093563010082313 0.9729677356805342 0.001587474293055141 -0.9729452184607109 0.23094108571889385 -0.006619426064027562 -0.006807101025808256 -1.586419386087735e-05 0.9999768312935814
2426096.5 0.418121337890625 2426096.5 0.41732025146484375 0.9883309846555605 0.1521735103530523 0.0067147238663192435 -0.15217010371698592 0.9883537942013076 -0.0010183430856470518 -0.006791487652375029 -1.5320202619777855e-05 0.999976937464439
2426167.5 0.03618621826171875 2426167.5 0.0353851318359375 0.5129048961984981 -0.8584384778078925 0.003456482963035849 0.8584187681417856 0.5129165424763285 0.005817126100611869 -0.006766532165552157 -1.6522611581348392e-05 0.9999771066226744
2426238.5 0.6542510986328125 2426238.5 0.6534500122070312 -0.5884875044730311 -0.8084965257071008 -0.0039780646869797 0.8084781628480606 -0.5885009497272649 0.0054490703729536665 -0.006746649311228242 -9.468604348332523e-06 0.9999772410577237
2426309.5 0.27231597900390625 2426309.5 0.271514892578125 -0.9705042403533415 0.24099567937188443 -0.006527019248204351 -0.24099014483785325 -0.9705261884026932 -0.001633314290505879 -0.006728264799656714 -1.2191130787129769e-05 0.9999773648959069
2426380.5 0.890380859375 2426380.5 0.8895797729492188 -0.15894187671878435 0.9872873762133317 -0.0010566905436659442 -0.987265187181497 -0.15894538902345878 -0.006619175754294596 -0.00670298475269047 -8.830429339400575e-06 0.9999775347063697
2426451.5 0.5084457397460938 2426451.5 0.5076446533203125 0.8548829745298093 0.5187893367696054 0.005720481904603457 -0.518777779081379 0.8549021136957974 -0.0034629365931014284 -0.006686986650012003 -7.253362432338305e-06 0.9999776418285219
2426522.5 0.1265106201171875 2426522.5 0.12570953369140625 0.8023464687057926 -0.5968346782434214 0.005339569403372897 0.596821373714857 0.8023642357010526 0.003985115428574646 -0.0066627346078839255 -1.0674145140690612e-05 0.9999778036804656
2426593.5 0.7445755004882812 2426593.5 0.7437744140625 -0.23433157953128356 -0.9721554790407296 -0.001560578567467438 0.9721340466159973 -0.2343367759265025 0.006455296924019218 -0.006641253223598026 -4.41163331117187e-06 0.9999779466249029
2426664.5 0.362640380859375 2426664.5 0.36183929443359375 -0.9888573798302129 -0.1487217647587768 -0.006551262653996721 0.14871854665435874 -0.9888790808995136 0.000978386604590095 -0.006623913974464233 -6.80944638315799e-06 0.9999780616179987
2426735.5 0.9807052612304688 2426735.5 0.9799041748046875 -0.5246263642697246 0.8513255729653448 -0.003456403962955149 -0.8513070195861498 -0.5246377500494946 -0.0056204649587867795 -0.006598205549755403 -6.183140650245019e-06 0.9999782315857141
2426806.5 0.5987701416015625 2426806.5 0.5979690551757812 0.5913073861602103 0.8064368578982264 0.0038947779934204708 -0.8064194076685952 0.591320212920596 -0.005305160409468001 -0.006581337843602947 -3.844027577466965e-06 0.9999783427541878
2426877.5 0.21683502197265625 2426877.5 0.216033935546875 0.9696580008653947 -0.24438278420441445 0.00635736912752496 0.24437747077771235 0.9696788410100641 0.001611543877342084 -0.006558439907061661 -9.048626231198603e-06 0.9999784931607819
2426948.5 0.83489990234375 2426948.5 0.8340988159179688 0.15549403068668385 -0.9878363133216199 0.00101217782916075 0.9878152122683268 0.15549732494845564 0.006456651233821249 -0.0065355054960257635 -4.126067925013083e-06 0.9999786433473902
2427019.5 0.45296478271484375 2427019.5 0.4521636962890625 -0.8566900215777803 -0.5158012999753918 -0.0055880115211038904 0.515790372389773 -0.8567082460843187 0.003357505196854075 -0.006519101094553004 -5.901343853962281e-06 0.999978750417274
2427090.5 0.0710296630859375 2427090.5 0.07022857666015625 -0.8002586644983739 0.599632480053 -0.005192182659095971 -0.5996197952759438 -0.8002755080613898 -0.0039002961839081276 -0.006493920889151308 -7.910312205761534e-06 0.9999789142421516
2427161.5 0.6890945434570312 2427161.5 0.68829345703125 0.23772459228676399 0.9713313710570383 0.0015446108078265807 -0.9713110131360146 0.2377296102134799 -0.0062887350424455325 -0.006475645356266862 -5.310514691737548e-06 0.999979032774697
2427232.5 0.307159423828125 2427232.5 0.30635833740234375 0.9893716911258935 0.145268205571635 0.006387898612803749 -0.14526525382037112 0.9893923126415657 -0.000926130809777859 -0.006454675142300443 -1.165210789978981e-05 0.9999791682995379
2427303.5 0.9252243041992188 2427303.5 0.9244232177734375 0.521651426055058 -0.8531521467177764 0.0033472743496683025 0.8531344781429936 0.5216621650816632 0.005490694491223224 -0.006430544176526506 -8.553455879174889e-06 0.9999793238004634
2427374.5 0.5432891845703125 2427374.5 0.5424880981445312 -0.5941199943876596 -0.8043673591171487 -0.003818881474172759 0.8043508451078439 -0.5941322676789074 0.005154267844612217 -0.006414845524598058 -9.466958209738776e-06 0.9999794246219631
2427445.5 0.16135406494140625 2427445.5 0.160552978515625 -0.9687999106466931 0.24776690976200474 -0.006188017286998654 -0.24776176334174835 -0.968819672710335 -0.0015969956881886124 -0.0063907555692793334 -1.4015205410040023e-05 0.9999795788149015
2427516.5 0.7794189453125 2427516.5 0.7786178588867188 -0.15204435168707928 0.988373208092341 -0.0009574159539877454 -0.98835313769424 -0.15204736562946342 -0.0062987153525010855 -0.0063710540734250925 -1.1419030035830199e-05 0.9999797045638472
2427587.5 0.39748382568359375 2427587.5 0.3966827392578125 0.8584865542185364 0.5128069757460616 0.005462769642268473 -0.5127967280892403 0.8585039343523334 -0.0032419689282551984 -0.006352313511906881 -1.810366476486146e-05 0.99997982368911
2427658.5 0.0155487060546875 2427658.5 0.01474761962890625 0.7981611118500704 -0.6024229713073475 0.005040155898728556 0.6024108225734872 0.7981770250621562 0.003825899797807782 -0.006327746565213842 -1.7439975599350567e-05 0.9999799794592158
2427729.5 0.6336135864257812 2427729.5 0.6328125 -0.241114637477255 -0.9704954222021215 -0.0015385314228806971 0.9704761145763466 -0.2411195454407288 0.006121751649060081 -0.006312101948600028 -1.7064067847707332e-05 0.9999800783404678
2427800.5 0.251678466796875 2427800.5 0.25087738037109375 -0.9898738814342055 -0.14181287670981657 -0.0062295147216890594 0.1418102186095818 -0.9898934828767448 0.0008685942950773367 -0.006289733880161054 -2.361003826014575e-05 0.9999802191495004
2427871.5 0.8697433471679688 2427871.5 0.8689422607421875 -0.5186701454473364 0.854968319245546 -0.0032331576025533566 -0.854951450991542 -0.5186802219368747 -0.005370644186094604 -0.006268705535898092 -2.1400017566086364e-05 0.9999803512434349
2427942.5 0.4878082275390625 2427942.5 0.48700714111328125 0.5969252731073788 0.8022880554511052 0.003754251745507422 -0.8022724787151864 0.596937078189203 -0.0049994578832018195 -0.006252057411171262 -2.7630091275546787e-05 0.9999804553163554
2428013.5 0.10587310791015625 2428013.5 0.105072021484375 0.9679299709825211 -0.25114801305952933 0.00602053237052601 0.25114296718387397 0.9679486942414012 0.0015922783824673357 -0.006227463998680713 -2.9199604982901272e-05 0.9999806087317535
2428084.5 0.72393798828125 2428084.5 0.7231369018554688 0.1485928586420137 -0.9888980535727844 0.0008955448356375369 0.9888789491917543 0.14859555466673907 0.006146948730610954 -0.006211779616691021 -2.78072477937727e-05 0.9999807063242523
2428155.5 0.34200286865234375 2428155.5 0.3412017822265625 -0.8602725542083023 -0.5098064018449135 -0.005344634119246076 0.5097968197797766 -0.8602891556757151 0.003125886944378728 -0.006191527949527199 -3.556273107665741e-05 0.9999808316747587
2428226.5 0.9600677490234375 2428226.5 0.9592666625976562 -0.8063461606098692 0.5914231308880923 -0.004954747243482488 -0.591411705911986 -0.8063613824400573 -0.003676277959661088 -0.00616955265781091 -3.405709848253028e-05 0.9999809675489412
2428297.5 0.5781326293945312 2428297.5 0.57733154296875 0.24450167456375044 0.9696476426579431 0.0015427972702493895 -0.9696293378903595 0.24450653887796578 -0.005958149731202656 -0.006154529862200426 -3.916390907600039e-05 0.9999810599348188
2428368.5 0.196197509765625 2428368.5 0.19539642333984375 0.9903639379192067 0.13835582157864396 0.00607759034984262 -0.13835348146452603 0.9903825850671372 -0.0008058302420122327 -0.0061306309468404 -4.2790572048165986e-05 0.9999812065899839
2428439.5 0.8142623901367188 2428439.5 0.8134613037109375 0.515682529853124 -0.8567740676622732 0.003118555069658198 0.8567579239651991 0.5156919578026848 0.005259693952941696 -0.006114583152105702 -4.0485516660272876e-05 0.999981304942147
2428510.5 0.4323272705078125 2428510.5 0.43152618408203125 -0.5997232275121475 -0.8001989727677112 -0.0036951811748747875 0.8001842795139332 -0.5997346093311434 0.004849452462460246 -0.006096654917265522 -4.8496603643051504e-05 0.9999814140507308
2428581.5 0.05039215087890625 2428581.5 0.049591064453125 -0.9670481490937773 0.25452605206069706 -0.005862265491515572 -0.25452107570394056 -0.9670659163363512 -0.0015923200193701079 -0.006074484077504623 -4.7780008539956035e-05 0.9999815490099118
2428652.5 0.66845703125 2428652.5 0.6676559448242188 -0.145139578238962 0.9894108429232672 -0.0008286944462796926 -0.9893926305701194 -0.14514193487939347 -0.00600344176336561 -0.006060148690886817 -5.143282737918663e-05 0.9999816358076324
2428723.5 0.28652191162109375 2428723.5 0.2857208251953125 0.8620480032866548 0.5067996154265948 0.00523352968368653 -0.5067906740503713 0.8620638877663609 -0.0030109972958290536 -0.006037609217433801 -5.667982929291708e-05 0.9999817718650348
2428794.5 0.9045867919921875 2428794.5 0.9037857055664062 0.8042771424524826 -0.5942349164503002 0.00481063403004706 0.5942238866648386 0.8042915274899023 0.0036209563509041038 -0.006020850886868801 -5.365877619920512e-05 0.999981873073374
2428865.5 0.5226516723632812 2428865.5 0.5218505859375 -0.2478857250831448 -0.9687880429162571 -0.001547644175241214 0.9687706664643895 -0.2478905488188186 0.005802723881625422 -0.0060052558768377735 -6.0899862249919055e-05 0.9999819664339256
2428936.5 0.140716552734375 2428936.5 0.13991546630859375 -0.9908418317202021 -0.13489708247080295 -0.005936468160494862 0.13489503219389287 -0.9908596133534261 0.0007462670480591923 -0.005982875793717805 -6.136745478225988e-05 0.999982100555441
2429007.5 0.7587814331054688 2429007.5 0.7579803466796875 -0.5126885996679889 0.8585693697314136 -0.0030061818770090623 -0.8585538838105369 -0.5126974091906643 -0.005157053715623116 -0.005968950018189717 -6.29935219341633e-05 0.9999821836750376
2429078.5 0.3768463134765625 2429078.5 0.37604522705078125 0.6025138402286503 0.7981001366887556 0.0036392513401455094 -0.7980862670792354 0.60252482689721 -0.004705663823089166 -0.00594833022417307 -6.92089361510417e-05 0.9999823061322973
2429149.5 0.9949111938476562 2429149.5 0.994110107421875 0.9704476709496029 -0.24124339486718607 0.005739545404079893 0.24123877468547603 0.9704646413520279 0.0014944810907290894 -0.0059305595639840385 -6.571479325003661e-05 0.9999824119177416
2429220.5 0.61297607421875 2429220.5 0.6121749877929688 0.14168448564987474 -0.9899115702748174 0.0007678295220927216 0.9898941840384017 0.14168654826564253 0.005867405518235022 -0.0059170037246345925 -7.125035470362578e-05 0.999982491841887
2429291.5 0.23104095458984375 2429291.5 0.2302398681640625 -0.8638128864952164 -0.5037866529371591 -0.005128883619190315 0.5037782729479836 -0.8638281096334062 0.0029066669435302245 -0.005894813851976749 -7.300376926146082e-05 0.9999826227690661
2429362.5 0.8491058349609375 2429362.5 0.8483047485351562 -0.802198253933482 0.5970394559491652 -0.004674336957846506 -0.5970287925645968 -0.802211869024267 -0.0035690398505508064 -0.005880666198034654 -7.236378635333753e-05 0.9999827061147355
2429433.5 0.46717071533203125 2429433.5 0.46636962890625 0.25126677048484464 0.9679166336959631 0.001549278797485558 -0.967900120890588 0.2512715344140191 -0.005654376465008227 -0.005862254694337407 -7.879022191718653e-05 0.999982813733316
2429504.5 0.085235595703125 2429504.5 0.08443450927734375 0.9913075826213072 0.1314367010476166 0.00580260762249544 -0.13143489342105222 0.9913245623672221 -0.0006934254333157147 -0.005843409013334192 -7.526722440418326e-05 0.9999829243071844
2429575.5 0.7033004760742188 2429575.5 0.7024993896484375 0.5096883406992041 -0.8603542045019735 0.0029048495772193207 0.86033934695473 0.5096966123818485 0.005056817969697762 -0.005831246590615794 -7.824477193223639e-05 0.9999829950758937
2429646.5 0.3213653564453125 2429646.5 0.32056427001953125 -0.6052971093786528 -0.7959915728065916 -0.0035812565865705123 0.795978427527407 -0.6053076981426255 0.004575312040768981 -0.005809672008285407 -8.117983357342033e-05 0.9999831204180353
2429717.5 0.9394302368164062 2429717.5 0.938629150390625 -0.9696002650075527 0.24463027439138676 -0.0055995489530105075 -0.24462572783453493 -0.9696164307181433 -0.00149350689106342 -0.005794771670013497 -7.83109391960507e-05 0.9999832071033439
2429788.5 0.5574951171875 2429788.5 0.5566940307617188 -0.13822761074012835 0.9904002301326713 -0.0007153895628811587 -0.9903836312467852 -0.13822943632981627 -0.005734622077630287 -0.005778458921439892 -8.417299525174837e-05 0.9999833010242722
2429859.5 0.17555999755859375 2429859.5 0.1747589111328125 0.8655672187750253 0.5007675506189511 0.005024940712663312 -0.5007596519704354 0.8655818007098105 -0.002813758768627036 -0.005758536317122764 -8.079021078671556e-05 0.9999834162287025
2429930.5 0.7936248779296875 2429930.5 0.7928237915039062 0.8001095007521586 -0.5998367165314432 0.004549758994311905 0.5998264399812897 0.8001224324675826 0.0035121163895667617 -0.005747060596861757 -8.101195071445292e-05 0.9999834822293616
2430001.5 0.41168975830078125 2430001.5 0.410888671875 -0.2546448121511021 -0.9670334262001917 -0.001540212988320346 0.9670176975961293 -0.2546494559686056 0.0055160774806625726 -0.005726445704860065 -8.4772703904742e-05 0.999983600182112
2430072.5 0.029754638671875 2430072.5 0.02895355224609375 -0.9917611998447756 -0.1279747183602869 -0.005673970660557696 0.12797308509712935 -0.9917774271784026 0.0006514830086423067 -0.005710689378158824 -7.999995985830261e-05 0.9999836906804194
2430143.5 0.6478195190429688 2430143.5 0.6470184326171875 -0.5066818019036852 0.8621285510884008 -0.002813008682373576 -0.8621143257033012 -0.5066896034448187 -0.004953299716057981 -0.0056957033610680165 -8.461174210490404e-05 0.9999837757704251
2430214.5 0.2658843994140625 2430214.5 0.26508331298828125 0.6080730329442214 0.7938733066189961 0.0035156285127641534 -0.7938608080658884 0.6080831903335789 -0.004455451796257403 -0.005674858852043392 -8.167960512114459e-05 0.9999838945230325
2430285.5 0.8839492797851562 2430285.5 0.883148193359375 0.9687409798485562 -0.24801417144306892 0.00546669236976859 0.2480097608686153 0.9687564010124766 0.0014812195135274514 -0.005663256655949866 -7.912497554242337e-05 0.9999839605030109
2430356.5 0.50201416015625 2430356.5 0.5012130737304688 0.13476895900122007 -0.9908768176251177 0.0006782203519963295 0.9908609763024345 0.1347706398891456 0.005603593923299016 -0.005643875504804025 -8.316843958706461e-05 0.9999840697492619
2430427.5 0.12007904052734375 2430427.5 0.1192779541015625 -0.8673109981219496 -0.49774234429310305 -0.004918458530493408 0.49773484343377705 -0.8673249406909205 0.002733658252714742 -0.0056265592204510296 -7.715631892996809e-05 0.9999841678137916
2430498.5 0.7381439208984375 2430498.5 0.7373428344726562 -0.7980109461993952 0.602626664994383 -0.004430844579899786 -0.6026168172476017 -0.7980232429292143 -0.003446057909165822 -0.0056126033457427355 -7.989047429908859e-05 0.9999842460265039
2430569.5 0.35620880126953125 2430569.5 0.35540771484375 0.2580198216300854 0.9661384312082529 0.0015176918120002856 -0.9661234449010606 0.2580242734886822 -0.0053817750922663665 -0.005591141071926632 -7.767299235387659e-05 0.9999843664320058
2430640.5 0.974273681640625 2430640.5 0.9734725952148438 0.9899141837872498 0.1415602275697038 0.005532694392197112 -0.14155842610923755 0.9899296422978969 -0.0007178422063549932 -0.005578596086699678 -7.259732851666244e-05 0.9999844368765592
2430711.5 0.5923385620117188 2430711.5 0.5915374755859375 0.5036689992720886 -0.8638923891694452 0.0027347956702839255 0.8638788216830682 0.5036764180550086 0.004842245631113103 -0.005560631234526222 -7.635695006908846e-05 0.9999845366553872
2430782.5 0.2104034423828125 2430782.5 0.20960235595703125 -0.610841586625164 -0.7917453631140682 -0.0034403541426562653 0.7917334450890396 -0.6108512708528684 0.004344746813534689 -0.005541477843743883 -6.989140063308241e-05 0.9999846434513379
2430853.5 0.8284683227539062 2430853.5 0.827667236328125 -0.9678698744725541 0.25139504567563514 -0.005332644580868354 -0.2513908287229924 -0.9678845623606948 -0.001457798962443688 -0.005527867803125981 -7.038175832263444e-05 0.9999847187452212
2430924.5 0.446533203125 2430924.5 0.44573211669921875 -0.13130858694088693 0.9913413269995162 -0.0006545062452205984 -0.9913262511968596 -0.13131019992913368 -0.005467639577792855 -0.005506240420516685 -6.911880440838537e-05 0.9999848381545704
2430995.5 0.06459808349609375 2430995.5 0.0637969970703125 0.8690442352567583 0.4947110698365808 0.004803597416917987 -0.4947039062520214 0.8690575087567062 -0.002663008181805115 -0.0054920220308189325 -6.208649737782866e-05 0.9999849168058884
2431066.5 0.6826629638671875 2431066.5 0.6818618774414062 0.7959026113193869 -0.6054092686963853 0.004318642319820832 0.6053999113521725 0.7959143252581976 0.003366627923052854 -0.005475457036877615 -6.500227772287323e-05 0.9999850074600825
2431137.5 0.30072784423828125 2431137.5 0.2999267578125 -0.2613917488438994 -0.9652316588796073 -0.0014826775950941933 0.9652173864438686 -0.26139594721258524 0.005249351131497218 -0.005454405815074788 -5.896912072352166e-05 0.9999851228792592
2431208.5 0.918792724609375 2431208.5 0.9179916381835938 -0.990403164296758 -0.1381030522554275 -0.005396212440604229 0.1381013162205481 -0.9904178631765561 0.0006948085608912858 -0.005440460377659936 -5.708344337176605e-05 0.9999851989566442
2431279.5 0.5368576049804688 2431279.5 0.5360565185546875 -0.5006500080764854 0.8656456973561698 -0.0026638434195284614 -0.8656328336772322 -0.5006570916398487 -0.004719518053310057 -0.005419102595445346 -5.691642379359117e-05 0.9999853149359649
2431350.5 0.1549224853515625 2431350.5 0.15412139892578125 0.6136027443124015 0.7896077671299025 0.0033535444565250118 -0.7895964050130709 0.6136119064412171 -0.004236208683100818 -0.00540271808666089 -4.859737349876736e-05 0.9999854040312647
2431421.5 0.7729873657226562 2431421.5 0.772186279296875 0.9669869624456796 -0.25477285730879023 0.005196694987317353 0.25476889831568134 0.9670009248424772 0.0014211983708714204 -0.0053872916286073136 -5.0324038885988526e-05 0.9999854871728887
2431492.5 0.39105224609375 2431492.5 0.39025115966796875 0.12784655979928128 -0.9917937520831182 0.0006406843048074481 0.9917794508176361 0.1278481570283098 0.005326319586111499 -0.005364520794707579 -4.553410751228682e-05 0.9999856098181055
2431563.5 0.00911712646484375 2431563.5 0.0083160400390625 -0.8707669129146357 -0.4916737628032688 -0.004679139236232162 0.49166691985109306 -0.8707794837090699 0.002594354544315582 -0.005350074509176159 -4.149987827870776e-05 0.9999856873878276
2431634.5 0.6271820068359375 2431634.5 0.6263809204101562 -0.7937845708162321 0.6081844940848832 -0.0042043178759738516 -0.6081756803977852 -0.7937957037967818 -0.003274508583822739 -0.005328874813770554 -4.229050602057946e-05 0.999985800551554
2431705.5 0.24524688720703125 2431705.5 0.24444580078125 0.2647605322731914 0.9643131192139792 0.0014382844724229137 -0.9642995713171656 0.2647644367848489 -0.00511172882019706 -0.005310113741455326 -3.3553056923737746e-05 0.9999859006837273
2431776.5 0.863311767578125 2431776.5 0.8625106811523438 0.9908800939563032 0.13464419078923734 0.005251789015189325 -0.13464248074079946 0.9908940108506026 -0.0006794412180619172 -0.005295449094394547 -3.3869123347148986e-05 0.9999859784375834
2431847.5 0.48137664794921875 2431847.5 0.4805755615234375 0.49762488688325096 -0.867388454292725 0.0025964040723695393 0.8673763223102627 0.49763165936753684 0.004587710827603206 -0.0052713802704162874 -3.089966612153878e-05 0.999986105701102
2431918.5 0.0994415283203125 2431918.5 0.09864044189453125 -0.6163564471802992 -0.7874605434243189 -0.0032592283071277463 0.7874497493638314 -0.6163650638357282 0.004123143171808825 -0.005255687026264511 -2.5152636981203826e-05 0.9999861884652339
2431989.5 0.7175064086914062 2431989.5 0.716705322265625 -0.966092295623068 0.25814756586655374 -0.005050799434031602 -0.2581438936207086 -0.9661054981348017 -0.0013771928145458758 -0.00523512407599566 -2.6662335927692672e-05 0.9999862962886185
2432060.5 0.3355712890625 2432060.5 0.33477020263671875 -0.12438295704131774 0.9922340866814906 -0.0006302578883468354 -0.992220587078236 -0.12438455244710557 -0.005175875834507458 -0.005214074776795243 -1.8435889594313716e-05 0.9999864064497778
2432131.5 0.9536361694335938 2432131.5 0.9528350830078125 0.8639449373092635 0.5035661683476377 0.004501043587193148 -0.5035594386875362 0.8639566619894611 -0.0026034424747120883 -0.0051997121445623825 -1.7312036677327194e-05 0.9999864812555753
2432202.5 0.5717010498046875 2432202.5 0.5708999633789062 0.7916568544798964 -0.6109523078952951 0.004086836479011829 0.6109440594477752 0.7916674031471549 0.00317474718936228 -0.005175034344749003 -1.648190491835365e-05 0.9999866092842831
2432273.5 0.18976593017578125 2432273.5 0.18896484375 -0.2681260873426759 -0.9633828226156895 -0.0013922554853291452 0.9633700217982589 -0.2681297018154558 0.004966296887563751 -0.0051577501616185744 -9.663444211510636e-06 0.9999866986714815
2432344.5 0.807830810546875 2432344.5 0.8070297241210938 -0.9913449865463491 -0.13118368458446383 -0.0050949532150117325 0.13118201209578972 -0.9913580789829803 0.0006625237160274356 -0.005137835333932919 -1.157664993308122e-05 0.9999868011699267
2432415.5 0.42589569091796875 2432415.5 0.4250946044921875 -0.49459370854024326 0.8691206385271634 -0.0025256996144853413 -0.8691092573389563 -0.49460015736300095 -0.0044478246620955125 -0.005114907637151095 -4.757178361682822e-06 0.999986918763057
2432486.5 0.0439605712890625 2432486.5 0.04315948486328125 0.6191026486046967 0.7853037176575527 0.003159354978284053 -0.7852935101082058 0.6191107098319755 -0.004003992167601322 -0.005100340437903327 -2.138804625661259e-06 0.9999869931768327
2432557.5 0.6620254516601562 2432557.5 0.661224365234375 0.9651858637481288 -0.2615191308757526 0.004898224858897387 0.2615157439506627 0.9651982926696906 0.0013309746230610812 -0.005075833597558271 -3.6749731795900696e-06 0.9999871178669176
2432628.5 0.28009033203125 2432628.5 0.27928924560546875 0.12091786468382487 -0.9926623252270413 0.0006148781568721216 0.9926496364036453 0.12091942797941058 0.005019092033804377 -0.005056614283808442 3.460687466682125e-06 0.9999872152382792
2432699.5 0.8981552124023438 2432699.5 0.8973541259765625 -0.8656986079981035 -0.5005466106473311 -0.004360123807616082 0.5005402535303262 -0.8657095878915 0.0025227026229450934 -0.005037331232231193 1.4826729831292047e-06 0.9999873125654437
2432770.5 0.5162200927734375 2432770.5 0.5154190063476562 -0.7895195088491602 0.6137126763028963 -0.003961829339426709 -0.6137049886952715 -0.7895294490437417 -0.003071798044286267 -0.005013182334381493 6.149946751170546e-06 0.9999874339035768
2432841.5 0.13428497314453125 2432841.5 0.13348388671875 0.27148835806329824 0.9624407805268568 0.0013473733522239239 -0.9624287472347193 0.27149170131278344 -0.004812755395593196 -0.004997792743116 9.856212665853047e-06 0.9999875109072872
2432912.5 0.752349853515625 2432912.5 0.7515487670898438 0.9917977955466426 0.12772157570108786 0.00493273243265025 -0.1277199641404738 0.991810061987621 -0.0006416385796516504 -0.004974284750216571 6.3673194178226516e-06 0.999987628148809
2432983.5 0.37041473388671875 2432983.5 0.3696136474609375 0.49155653752974326 -0.8708422289155814 0.002445965884942616 0.8708315790672597 0.49156262283552443 0.004306823688727736 -0.004952909346404352 1.2976993741480664e-05 0.9999877341850768
2433054.5 0.9884796142578125 2433054.5 0.9876785278320312 -0.6082784407026206 -0.7937180755796547 -0.0029925030528047724 0.7937083792133051 -0.608285801552693 0.003923314413089108 -0.004934302683972899 1.1292825741653215e-05 0.9999878261906467
2433125.5 0.6065444946289062 2433125.5 0.605743408203125 -0.9642676806355438 0.26488751071684496 -0.004737799909359236 -0.2648843814393088 -0.9642793197450302 -0.0012876263349163339 -0.00490963860827209 1.3352738873013773e-05 0.9999879475625897
2433196.5 0.224609375 2433196.5 0.22380828857421875 -0.11745133409775767 0.9930784627684086 -0.0005923716660737848 -0.9930665848527103 -0.11745282656905665 -0.0048571164197429885 -0.004893073434163012 1.778970401887932e-05 0.9999880286862909
2433267.5 0.8426742553710938 2433267.5 0.8418731689453125 0.8674417014077905 0.4975209484756856 0.004219062290821591 -0.49751499172727587 0.8674519615880888 -0.0024346136414623025 -0.004871105148305351 1.2838658699954988e-05 0.9999881360145244
2433338.5 0.4607391357421875 2433338.5 0.45993804931640625 0.7873725630763646 -0.6164655651506428 0.0038280410201588545 0.6164583910374363 0.787381868381975 0.0029741322848507896 -0.004847580230506496 1.807784805558376e-05 0.9999882502505217
2433409.5 0.07880401611328125 2433409.5 0.0780029296875 -0.27484726557429284 -0.9614870050575633 -0.0013113778143710503 0.9614757673741366 -0.27485039352864743 0.004648648132645463 -0.0048300474789660045 1.6810237479236844e-05 0.9999883351113485
2433480.5 0.696868896484375 2433480.5 0.6960678100585938 -0.9922385088677885 -0.12425790753976755 -0.0047659137284115265 0.12425639507505334 -0.9922499544704998 0.0006132994720836689 -0.0048051849891206895 1.634409453284277e-05 0.9999884548984007
2433551.5 0.31493377685546875 2433551.5 0.3141326904296875 -0.48851340857014286 0.8725532042309179 -0.0023569967196424837 -0.8725432550723478 -0.4885190941454058 -0.004166855301741813 -0.004787240847482507 2.101690347349678e-05 0.9999885408760232
2433622.5 0.9329986572265625 2433622.5 0.9321975708007812 0.6110464628134357 0.7915894169050931 0.0029009183107417268 -0.7915803779463921 0.6110533485809708 -0.003782913986200164 -0.004767130524274555 1.5226197580739331e-05 0.9999886370528054
2433693.5 0.5510635375976562 2433693.5 0.550262451171875 0.9633377377050826 -0.268252663000083 0.004572953817365771 0.26824973116981854 0.9633485913497863 0.0012543012810915584 -0.004741818277121828 1.8377873627313948e-05 0.9999887573476416
2433764.5 0.16912841796875 2433764.5 0.16832733154296875 0.11398343563318082 -0.9934824945023158 0.0005563440589453294 0.9934714142749498 0.11398479195742367 0.004692144600786191 -0.004724978284367929 1.7885156972794174e-05 0.999988837067861
2433835.5 0.7871932983398438 2433835.5 0.7863922119140625 -0.8691741926083457 -0.4944892202638413 -0.004078473549130393 0.49448369564774114 -0.8691837612490828 0.0023375028228987964 -0.004700812927845465 1.4958455631466424e-05 0.9999889510059906
2433906.5 0.4052581787109375 2433906.5 0.40445709228515625 -0.7852160284252875 0.619210939734572 -0.0036879285573270344 -0.6192042254717401 -0.7852246886978991 -0.0028836465165455343 -0.0046814380227373584 1.929548082482019e-05 0.999989041822821
2433977.5 0.02332305908203125 2433977.5 0.02252197265625 0.2782027719180293 0.9605215085315928 0.0012842683986888134 -0.9605110455396785 0.2782057358506419 -0.004483295225076249 -0.00466359232766733 1.3711176559163194e-05 0.9999891253001728
2434048.5 0.641387939453125 2434048.5 0.6405868530273438 0.9926670873063248 0.12079272423188583 0.004601255417541837 -0.12079136153049158 0.9926777511249438 -0.0005739347815711816 -0.004636891026031969 1.3934261285812426e-05 0.9999892494659374
2434119.5 0.25945281982421875 2434119.5 0.2586517333984375 0.48546437026901385 -0.8742535430030748 0.0022556032182588868 0.8742442432257057 0.4854696101110177 0.004032473852565718 -0.004620431367603797 1.4325749096475662e-05 0.9999893256474042
2434190.5 0.8775177001953125 2434190.5 0.8767166137695312 -0.6138069937929083 -0.7894511084798526 -0.002814549848117156 0.7894427387699641 -0.6138134466035953 0.0036352402934735364 -0.004597453022181384 9.409975744070205e-06 0.999989431612735
2434261.5 0.49558258056640625 2434261.5 0.494781494140625 -0.962396023525711 0.2716145448394075 -0.004408280115756575 -0.27161175683846706 -0.962406119507433 -0.0012307240825167995 -0.004576838321400418 1.2896743799408637e-05 0.9999895261374759
2434332.5 0.1136474609375 2434332.5 0.11284637451171875 -0.11051418407591178 0.9938744152484826 -0.0005116957310852561 -0.9938640835802659 -0.11051536840943571 -0.0045317451919896995 -0.004560535844975969 7.733886508579672e-06 0.9999896006724236
2434403.5 0.7317123413085938 2434403.5 0.7309112548828125 0.8708960253196447 0.4914514647839958 0.00394599089105833 -0.4914463925667034 0.8709049648115619 -0.002232823267545879 -0.004533907323560768 5.313920429662731e-06 0.9999897217752508
2434474.5 0.3497772216796875 2434474.5 0.34897613525390625 0.7830499291618274 -0.6219487651402231 0.003541465827339231 0.6219424427638921 0.7830579375093918 0.0028043524070499423 -0.004517336443096634 6.639953929120534e-06 0.9999897967616325
2434545.5 0.9678421020507812 2434545.5 0.967041015625 -0.26500791163095994 -0.9642455018885459 -0.0011911593952844217 0.9642357559280672 -0.26501058863297444 0.004335308781618388 -0.004495971844471126 3.326465435209995e-07 0.9999898930674566
2434616.5 0.585906982421875 2434616.5 0.5851058959960938 -0.9930835063528695 -0.11732606992417037 -0.004443278748785229 0.1173248838877155 -0.9930934464134823 0.0005275522013718364 -0.00447448663247137 2.5962266347278203e-06 0.999989989431212
2434687.5 0.20397186279296875 2434687.5 0.2031707763671875 -0.48240941915671776 0.8759432233518446 -0.0021498308901419664 -0.8759345103115933 -0.48241420943138774 -0.003906940475661449 -0.004459367002971351 -1.633817540256354e-06 0.9999900569721998
2434758.5 0.8220367431640625 2434758.5 0.8212356567382812 0.6165599774530475 0.7873031774164051 0.0027388014043464334 -0.7872954566908865 0.6165660603600976 -0.0034867012940621753 -0.004433742999501284 -6.485431173798255e-06 0.999990170892171
2434829.5 0.44010162353515625 2434829.5 0.439300537109375 0.9614425443115315 -0.2749731135828533 0.004245090613655371 0.27497041348088874 0.9614519160040905 0.0012185738440430988 -0.004416525548134751 -4.3144157533879746e-06 0.9999902470941746
2434900.5 0.05816650390625 2434900.5 0.05736541748046875 0.10704361445487225 -0.9942542197637347 0.00045944144717461564 0.9942446016409345 0.10704459983337317 0.004373300169522395 -0.004397352873698429 -1.133667862410595e-05 0.9999903315328523
2434971.5 0.6762313842773438 2434971.5 0.6754302978515625 -0.8726071758911027 -0.48840772031790924 -0.003822998459218441 0.4884030857792404 -0.87261555029895 0.002127716563427548 -0.004375201100506901 -1.0503502908103939e-05 0.9999904287066984
2435042.5 0.2942962646484375 2435042.5 0.29349517822265625 -0.7808742531722647 0.6246790065756339 -0.003396980473034066 -0.6246730211163785 -0.7808816418410716 -0.002734616048181034 -0.004360896925426078 -1.3389209578419743e-05 0.9999904911541583
2435113.5 0.9123611450195312 2435113.5 0.91156005859375 0.26837301002620306 0.9633143449105367 0.0011833761281710808 -0.9633053085898523 0.26837561827255263 -0.004172524347822198 -0.004337041858790159 -2.0159587698632636e-05 0.9999905947865242
2435184.5 0.530426025390625 2435184.5 0.5296249389648438 0.9934877613996299 0.11385798806706747 0.004292610216633304 -0.1138570010397516 0.9934970348469787 -0.0004744096274055768 -0.00431871084767274 -1.7423567186544912e-05 0.9999906741730312
2435255.5 0.14849090576171875 2435255.5 0.1476898193359375 0.4793485864591572 -0.8776222237894497 0.0020408259275418767 0.8776140536736804 0.4793529302345133 0.003786960527717977 -0.004301796608202148 -2.4216660831541225e-05 0.9999907469369378
2435326.5 0.7665557861328125 2435326.5 0.7657546997070312 -0.6193054002855123 -0.78514565032885 -0.0026700087811275058 0.7851385270929858 -0.6193111553522825 0.00334456730758183 -0.004279538696818419 -2.5018166541689666e-05 0.9999908424193862
2435397.5 0.38462066650390625 2435397.5 0.383819580078125 -0.9604772856935964 0.2783283273275252 -0.004089727829791471 -0.27832568764282356 -0.9604859923584548 -0.001212469111015302 -0.004265590792676093 -2.6272730242376264e-05 0.9999909019810794
2435468.5 0.002685546875 2435468.5 0.00188446044921875 -0.10357174000527607 0.9946219030388602 -0.00040579260052386813 -0.9946129284435897 -0.10357252935913465 -0.004225368033499024 -0.004244672560547504 -3.402215265007783e-05 0.9999909907580901
2435539.5 0.6207504272460938 2435539.5 0.6199493408203125 0.8743076313494332 0.48535802442132703 0.0037086242694864035 -0.4853538093578977 0.8743154963471643 -0.0020230148262408553 -0.004224394148378117 -3.125761576280279e-05 0.9999910767187079
2435610.5 0.2388153076171875 2435610.5 0.23801422119140625 0.778689026878935 -0.6274016301036036 0.0032548366587974997 0.6273959502116568 0.7786958284059057 0.0026699215821871037 -0.0042096408812588694 -3.69673003520888e-05 0.9999911387392736
2435681.5 0.8568801879882812 2435681.5 0.8560791015625 -0.2717348324011615 -0.9623714451623513 -0.0011757533930865935 0.9623630521115952 -0.2717373731994389 0.004019444877393429 -0.0041876951139728615 -3.927844380299428e-05 0.9999912307949687
2435752.5 0.474945068359375 2435752.5 0.47414398193359375 -0.9938798379262683 -0.11038852112503483 -0.004152368900127211 0.1103877206344575 -0.9938885113030084 0.00042217652532114695 -0.004173595186809909 -3.8777801561749665e-05 0.9999912897618152
2435823.5 0.09300994873046875 2435823.5 0.0922088623046875 -0.47628186940389955 0.8792905237075199 -0.0019379874303497872 -0.8792828417070632 -0.4762858099283751 -0.003675804731710277 -0.004155136180484927 -4.6680054237842665e-05 0.9999913662948768
2435894.5 0.7110748291015625 2435894.5 0.7102737426757812 0.622043240953962 0.7829785535160791 0.002605977237446595 -0.7829719781832698 0.6220486980790662 -0.003209142862754656 -0.004133734784481085 -4.418152567761118e-05 0.9999914551058546
2435965.5 0.32913970947265625 2435965.5 0.328338623046875 0.9595002709851139 -0.28168014514244677 0.0039402807034300815 0.28167756392185983 0.9595083603186597 0.001206839527457291 -0.004120675010198924 -4.807418392601665e-05 0.9999915088271166
2436036.5 0.94720458984375 2436036.5 0.9464035034179688 0.1171985512508498 -0.9931084106677839 0.0004292384064353786 0.9931000423752718 0.11719932594314872 0.004077233462165428 -0.004099441295433414 -5.156917526292569e-05 0.9999915959255283
2436107.5 0.5652694702148438 2436107.5 0.5644683837890625 -0.8759973780855539 -0.48230241392494205 -0.0036020979180393657 0.48229856741500937 -0.8760047825699411 0.0019268585879455792 -0.00408478355174353 -4.9363594582724075e-05 0.9999916560184745
2436178.5 0.1833343505859375 2436178.5 0.18253326416015625 -0.7764942429699969 0.6301166030793218 -0.0031236450221955223 -0.6301112100238289 -0.7765005237120126 -0.0026076190823675384 -0.004068616073929158 -5.655746070230229e-05 0.999991721547982
2436249.5 0.8013992309570312 2436249.5 0.80059814453125 0.27509334865364565 0.9614168142234099 0.0011656993756270087 -0.9614090054942037 0.275095813021466 -0.0038752822739770098 -0.004046440555537817 -5.464949970608192e-05 0.9999918116326066
2436320.5 0.419464111328125 2436320.5 0.41866302490234375 0.9942597572057047 0.10691771091858064 0.0040172494551059855 -0.10691706628467938 0.9942678713189189 -0.0003754996973484917 -0.004034369632374096 -5.6168288362813555e-05 0.9999918603202692
2436391.5 0.03752899169921875 2436391.5 0.0367279052734375 0.47320928739589196 -0.8809481035840826 0.0018463785847473789 0.8809408923804121 0.47321288564492936 0.0035649672655161118 -0.00401428128997472 -6.0425221190755014e-05 0.9999919409147843
2436462.5 0.6555938720703125 2436462.5 0.6547927856445312 -0.6247734853382261 -0.780801913090325 -0.0025425445555221143 0.7807958140155263 -0.6247786562416306 0.003086668225065182 -0.003998604026037253 -5.673968084856951e-05 0.9999920039412574
2436533.5 0.27365875244140625 2436533.5 0.272857666015625 -0.9585114965495704 0.28502852726980904 -0.0038012661976472395 -0.2850260269024331 -0.9585190320188107 -0.0011955107432934907 -0.003984340662708495 -6.245099018709176e-05 0.999992060533161
2436604.5 0.8917236328125 2436604.5 0.8909225463867188 -0.11373054823307263 0.9935115553592825 -0.00038957179491761065 -0.9935037327857794 -0.11373119887539415 -0.003943011931130605 -0.003961734383779454 -6.139987618408304e-05 0.9999921504145557
2436675.5 0.5097885131835938 2436675.5 0.5089874267578125 0.8776764305103596 0.4792409255540253 0.0034955115100846405 -0.4792373969226808 0.8776833891828798 -0.0018400389191457465 -0.003949774343763351 -6.022104645577806e-05 0.9999921977975924
2436746.5 0.1278533935546875 2436746.5 0.12705230712890625 0.7742899346623088 -0.6328238935748169 0.0030027989350001373 0.6328188087124148 0.77429575456582 0.0025376763289635053 -0.003930956682310365 -6.466959410324264e-05 0.9999922716688391
2436817.5 0.7459182739257812 2436817.5 0.7451171875 -0.27844854035182787 -0.9604504639166652 -0.001147492135378618 0.9604431740292295 -0.2784508982983002 0.003742552274517888 -0.00391405628417715 -5.999277065229356e-05 0.9999923382527847
2436888.5 0.363983154296875 2436888.5 0.36318206787109375 -0.9946275186418116 -0.10344559856726762 -0.00388681070963833 0.10344505829532222 -0.9946351110306609 0.0003403223490281096 -0.0039011632508349748 -6.357738689500962e-05 0.9999923884126349
2436959.5 0.9820480346679688 2436959.5 0.9812469482421875 -0.48524301028466593 0.8743774270166828 -0.0018264976208972614 -0.8743707326687764 -0.4852464436651802 -0.003422099145898586 -0.00387850772108776 -6.351362805242865e-05 0.999992476543637
2437030.5 0.6001129150390625 2437030.5 0.5993118286132812 0.6274961306590398 0.7786157553177993 0.0024721607611480007 -0.7786100836694008 0.6275009976204454 -0.0029724726528983923 -0.0038656973836941346 -5.9634208903897434e-05 0.9999925263858218
2437101.5 0.21817779541015625 2437101.5 0.217376708984375 0.9575110023342415 -0.2883734340614513 0.0036664610293876527 0.28837106448344785 0.957518019917591 0.0011707697384662958 -0.003848321394938692 -6.3723635855481e-05 0.9999925931534392
2437172.5 0.83624267578125 2437172.5 0.8354415893554688 0.11026110047071482 -0.9939025893963997 0.00036402488664563333 0.993895276661981 0.11026168579013333 0.0038130926717063755 -0.0038299806776861713 -5.863317876038218e-05 0.9999926638781701
2437243.5 0.45430755615234375 2437243.5 0.4535064697265625 -0.8793447814530385 -0.4761735956539015 -0.003385577254272616 0.47617032659147185 -0.8793512968329597 0.0017654551709937964 -0.003817774885808345 -5.966763537070563e-05 0.9999927104907789
2437314.5 0.0723724365234375 2437314.5 0.07157135009765625 -0.7720761320854919 0.6355234700242006 -0.0028922849622216498 -0.6355187143408869 -0.7720815470947606 -0.0024593410235156307 -0.003796048789506185 -6.069728422229232e-05 0.9999927931387441
2437385.5 0.6904373168945312 2437385.5 0.68963623046875 0.2818003780725516 0.9594724059463562 0.0011176518597106695 -0.9594656069491777 0.281802589187355 -0.003612451930165302 -0.00378100513267545 -5.435820025129366e-05 0.9999928504971287
2437456.5 0.308502197265625 2437456.5 0.30770111083984375 0.9949831541907902 0.0999722253644959 0.0037519371285758807 -0.09997173279498905 0.9949902265026881 -0.0003190706765081992 -0.0037650389789623015 -5.761770796535872e-05 0.9999929105557132
2437527.5 0.9265670776367188 2437527.5 0.9257659912109375 0.4821874116332092 -0.8760663235995213 0.0017597492101773492 0.8760600853606407 0.4821906198555545 0.0033065028693762357 -0.003745250375189104 -5.270801686678162e-05 0.9999929851361418
2437598.5 0.5446319580078125 2437598.5 0.5438308715820312 -0.6302111519766123 -0.7764201060724074 -0.0023922397090740772 0.7764148175636306 -0.6302156902807038 0.0028661457827185966 -0.0037329602122060466 -5.109332183495423e-05 0.999993031174481
2437669.5 0.16269683837890625 2437669.5 0.161895751953125 -0.9564988046687714 0.2917148263532321 -0.0035350746688121914 -0.29171262928742664 -0.9565053357348146 -0.001133413008477233 -0.0037119511618919332 -5.2882261443610264e-05 0.999993109287278
2437740.5 0.78076171875 2437740.5 0.7799606323242188 -0.1067902643662399 0.9942815079509502 -0.00034983334981936875 -0.9942747049163511 -0.10679082789955338 -0.003678347459417732 -0.003694671851769153 -4.49812469663591e-05 0.999993173664998
2437811.5 0.39882659912109375 2437811.5 0.3980255126953125 0.881002439821379 0.4731004606224399 0.0032642284869601195 -0.47309741044697645 0.8810084857401548 -0.0016994946903224103 -0.0036798447172211946 -4.7039075656280565e-05 0.9999932282421629
2437882.5 0.0168914794921875 2437882.5 0.01609039306640625 0.7698528750438332 -0.6382153005619019 0.002789429228896887 0.6382109084630332 0.7698579273419387 0.002368127438909381 -0.0036588393698156773 -4.2865555052750334e-05 0.999993305506097
2437953.5 0.6349563598632812 2437953.5 0.6341552734375 -0.2851488158533881 -0.958482651591593 -0.0010767615153923717 0.9584763229965816 -0.285150846206841 0.003483268935050087 -0.003645692302348187 -3.880040589484039e-05 0.9999933536889958
2438024.5 0.253021240234375 2438024.5 0.25222015380859375 -0.9953266582009256 -0.09649763194084689 -0.0036125481848151035 0.09649714611162409 -0.9953332132211767 0.00030895164539226916 -0.003625502294870588 -4.109278127708004e-05 0.9999934270006445
2438095.5 0.8710861206054688 2438095.5 0.8702850341796875 -0.47912590518887893 0.8777445415282424 -0.0016990568886966827 -0.8777387796437228 -0.4791289166364646 -0.0031805584915873095 -0.003605785141384684 -3.255984626378393e-05 0.9999934986055512
2438166.5 0.4891510009765625 2438166.5 0.48834991455078125 0.6329185276389895 0.7742149911177515 0.002298891001340417 -0.7742100729865629 0.6329227017834554 -0.002759792251097004 -0.0035916928368416165 -3.31009217879426e-05 0.9999935493026416
2438237.5 0.10721588134765625 2438237.5 0.106414794921875 0.9554749353847548 -0.2950526645522777 0.003401910066181692 0.2950506823871318 0.9554809910401324 0.0010819352364175663 -0.003569688275840347 -3.002611366569177e-05 0.9999936281917229
2438308.5 0.72528076171875 2438308.5 0.7244796752929688 0.10331809822739667 -0.9946483060241414 0.000343368576605383 0.9946420115122961 0.10331866599730621 0.003538670839544779 -0.0035552093394081636 -2.407992967532993e-05 0.9999936799333835
2438379.5 0.34334564208984375 2438379.5 0.3425445556640625 -0.8826493744484429 -0.47002155625101916 -0.0031334398262316426 0.47001870115747435 -0.8826549359478999 0.0016384776616738075 -0.0035358659495392008 -2.6574034162007726e-05 0.9999937484533629
2438450.5 0.9614105224609375 2438450.5 0.9606094360351562 -0.7785309045310248 0.6276003587400962 -0.0027240410063666463 -0.6275964341452555 -0.778535669941095 -0.0022195669696773415 -0.0035137641162535007 -1.840305851462481e-05 0.9999938265424755
2438521.5 0.5794754028320312 2438521.5 0.57867431640625 0.2884938049253912 0.9574812120971128 0.0010261582311997725 -0.9574753653410738 0.2884956294049575 -0.0033461289893664233 -0.0034998978053485653 -1.7183743407904254e-05 0.9999938751912787
2438592.5 0.197540283203125 2438592.5 0.19673919677734375 0.9956580417774613 0.09302185941216139 0.003463742972004683 -0.09302135088093301 0.9956640665552686 -0.00030797875224440846 -0.003477373169199286 -1.556052899721151e-05 0.9999939537985778
2438663.5 0.8156051635742188 2438663.5 0.8148040771484375 0.4760585441508392 -0.879412060430445 0.001640277556016452 0.8794067791476712 0.47606136988645004 0.0030477681929762085 -0.0034611168866084314 -8.444886418580546e-06 0.9999940102813524
2438734.5 0.4336700439453125 2438734.5 0.43286895751953125 -0.6356182044727865 -0.7720004360118692 -0.002196574669234682 0.7719958850724846 -0.6356219998393637 0.0026508020213337554 -0.0034426115003039007 -1.0848584696369096e-05 0.999994074136625
2438805.5 0.05173492431640625 2438805.5 0.050933837890625 -0.9544394234443404 0.29838690880140933 -0.003261844750001822 -0.2983851506630175 -0.9544449971773658 -0.0010243177769684443 -0.0034188944183060994 -4.363231310661714e-06 0.9999941555538806
2438876.5 0.6697998046875 2438876.5 0.6689987182617188 -0.09984466612012319 0.9950029787648923 -0.00033896364431172275 -0.9949972130559134 -0.09984524148960038 -0.0033872943257907315 -0.003404211851035355 -9.353895972720126e-07 0.999994205653612
2438947.5 0.28786468505859375 2438947.5 0.2870635986328125 0.8842855692197443 0.4669369189740184 0.0029909478039262397 -0.46693425182772447 0.884290627394687 -0.0015782179797533594 -0.0033817953509717893 -9.80590508818866e-07 0.9999942817132718
2439018.5 0.9059295654296875 2439018.5 0.9051284790039062 0.7763352650083392 -0.6303147760442166 0.0026152255655575215 0.6303112275985411 0.7763396698989594 0.0021150187701291876 -0.003363430934697198 6.442379262161207e-06 0.9999943436294242
2439089.5 0.5239944458007812 2439089.5 0.523193359375 -0.2918352797528195 -0.9564680990121329 -0.0009721438739372678 0.9564627416137715 -0.2918368988878098 0.003201304767193664 -0.0033456533384764973 4.434277393265151e-06 0.9999944032763763
2439160.5 0.142059326171875 2439160.5 0.14125823974609375 -0.9959772933878723 -0.08954494926492018 -0.0033065264117255154 0.08954442621906016 -0.9959827819708447 0.0003061873867291375 -0.003320660908218333 8.87467438217288e-06 0.9999944865509873
2439231.5 0.7601242065429688 2439231.5 0.7593231201171875 -0.47298539294890973 0.8810688600371706 -0.0015754141562606728 -0.8810640703359603 -0.4729880164223529 -0.0029052166666268878 -0.003304847953437031 1.3915762307905122e-05 0.9999945388782661
2439302.5 0.3781890869140625 2439302.5 0.37738800048828125 0.638310142710667 0.7697764671724022 0.002086216735185109 -0.7697722929572367 0.6383135518204234 -0.002535065630618706 -0.0032830942792887187 1.2246264606184661e-05 0.9999946105564681
2439373.5 0.9962539672851562 2439373.5 0.995452880859375 0.9584411321709668 -0.28527317467459834 0.0031324070472626615 0.28527171605142304 0.9584462506828682 0.0009124543989130228 -0.003262542553182872 1.9053306589858483e-05 0.9999946777123666
2439444.5 0.61431884765625 2439444.5 0.6135177612304688 0.09637003148583168 -0.9953455218502214 0.00033039995431323596 0.9953402860213497 0.09637059623330563 0.003228498811463195 -0.003245312674878937 1.772985290928277e-05 0.9999947338017808
2439515.5 0.23238372802734375 2439515.5 0.2315826416015625 -0.885910977805851 -0.46384658604328716 -0.0028432409448395975 0.46384412555604865 -0.8859155401200294 0.0015109470471014604 -0.0032197189668268134 1.9743966100638163e-05 0.999994816496541
2439586.5 0.8504486083984375 2439586.5 0.8496475219726562 -0.7741301815930358 0.6330215118881323 -0.002495482637548053 -0.6330183302903558 -0.7741342033633503 -0.0020071620272688845 -0.003202415204729191 2.5881547827175762e-05 0.9999948719203523
2439657.5 0.46851348876953125 2439657.5 0.46771240234375 0.29517318946328003 0.9554433247225084 0.0009173141640223163 -0.9554384673473114 0.29517461394956934 -0.003046701944959988 -0.0031817188899645223 2.2867491482684662e-05 0.99999493805818
2439728.5 0.086578369140625 2439728.5 0.08577728271484375 0.9962843916128318 0.08606694416228036 0.003145179043670671 -0.08606642540696009 0.9962893557187732 -0.0003001651867222465 -0.0031593427034015834 2.83555728775996e-05 0.9999950088623664
2439799.5 0.7046432495117188 2439799.5 0.7038421630859375 0.46990649710598403 -0.882714920304023 0.001501149640766567 0.8827106035405323 0.46990889404263686 0.002760742062795362 -0.003142351777423151 2.7790073258741694e-05 0.9999950624143193
2439870.5 0.3227081298828125 2439870.5 0.32190704345703125 -0.6409942768454046 -0.7675431120941629 -0.0019768986435239207 0.7675393298253181 -0.6409973247467994 0.0024097383146003903 -0.0031167647871129956 2.7281008365341286e-05 0.9999951425047067
2439941.5 0.9407730102539062 2439941.5 0.939971923828125 -0.9574397572627419 0.28861783774275535 -0.002975726693877318 -0.28861655352247156 -0.9574443809380644 -0.0008616512860719877 -0.0030977807333322613 3.386478442403912e-05 0.9999952012923385
2440012.5 0.558837890625 2440012.5 0.5580368041992188 -0.09289424138900494 0.9956759313198202 -0.00031576441996829685 -0.9956712224590902 -0.09289477323792367 -0.003062331121203422 -0.003078422255301107 2.9924619647064992e-05 0.9999952611992393
2440083.5 0.17690277099609375 2440083.5 0.1761016845703125 0.8875255613108691 0.4607505961312196 0.0026955861244499306 -0.4607483567092609 0.887529654183359 -0.00143691853646053 -0.0030544736931183572 3.331505341578574e-05 0.9999953345293995
2440154.5 0.7949676513671875 2440154.5 0.7941665649414062 0.7719156720022945 -0.6357205328551664 0.0023663101206320356 0.6357176791147519 0.7719192982235156 0.0019051223244872467 -0.0030377258269724487 3.3711398595170125e-05 0.9999953855320242
2440225.5 0.41303253173828125 2440225.5 0.4122314453125 -0.29850746702292313 -0.9544069024098024 -0.0008699218851181997 0.9544025437863791 -0.2985087330101268 0.002884567693088344 -0.0030127305964939106 3.0809335462049174e-05 0.9999954612422688
2440296.5 0.031097412109375 2440296.5 0.03029632568359375 -0.9965793333590753 -0.08258788769253672 -0.00297877962708646 0.08258740805773837 -0.9965837844583357 0.00028387498128207815 -0.0029920481088997197 3.6894251021417034e-05 0.999995523133443
2440367.5 0.6491622924804688 2440367.5 0.6483612060546875 -0.46682189098253435 0.8843502208899384 -0.0014173607186181215 -0.8843463557934904 -0.46682404151571877 -0.002614815042478893 -0.0029740703193511368 3.27848836495285e-05 0.9999955769056618
2440438.5 0.2672271728515625 2440438.5 0.26642608642578125 0.6436705619706518 0.7653003992653908 0.0018725748640570357 -0.7652970075255661 0.6436732849443441 -0.0022787104617666616 -0.0029492244402497102 3.3662903657617956e-05 0.9999956504615457
2440509.5 0.8852920532226562 2440509.5 0.884490966796875 0.956426697923794 -0.2919589838638315 0.0028148250007785916 0.29195782683000443 0.9564308393810155 0.0008226989905490238 -0.0029323797995094874 3.495891121231378e-05 0.9999956999540478
2440580.5 0.50335693359375 2440580.5 0.5025558471679688 0.08941735135561057 -0.9959942033888325 0.0002899868817251763 0.9959899987481572 0.0894178165355394 0.0028942148611701512 -0.00290855121887276 3.003100682084406e-05 0.9999957697050254
2440651.5 0.12142181396484375 2440651.5 0.1206207275390625 -0.8891292928829179 -0.4576489886513859 -0.002550239966832737 0.45764699258757746 -0.8891329495382213 0.0013521172310759166 -0.002886297467077912 3.509738635801549e-05 0.9999958340188748
2440722.5 0.7394866943359375 2440722.5 0.7386856079101562 -0.7696917568707599 0.6384118049040549 -0.002228623868595094 -0.6384092456415923 -0.7696949826945971 -0.001807953013719972 -0.0028695791566394186 3.1207551292992886e-05 0.9999958822622984
2440793.5 0.35755157470703125 2440793.5 0.35675048828125 0.3018380724011179 0.9533588454841825 0.0008305337113642935 -0.9533549630850526 0.30183921360135396 -0.002720936164665722 -0.0028447162028871443 2.9488691324788736e-05 0.9999959533518833
2440864.5 0.975616455078125 2440864.5 0.9748153686523438 0.9953538455432979 0.09624354335362822 0.0028111429894583603 -0.09624307025699157 0.995357814745159 -0.0003034027826463334 -0.002827293701786342 3.144009421290173e-05 0.9999960027029328
2440935.5 0.5936813354492188 2440935.5 0.5928802490234375 0.46373161157018383 -0.8859747411199393 0.0013230751961524276 0.8859712883055441 0.46373349832319427 0.002473627124048322 -0.002805125440110044 2.5107543395923085e-05 0.9999960653126974
2441006.5 0.2117462158203125 2441006.5 0.21094512939453125 -0.6463389587094863 -0.7630483574642507 -0.001776126529492225 0.7630453541548736 -0.6463413984527765 0.0021410625330187754 -0.0027817183539469667 2.858703139723738e-05 0.9999961306054044
2441077.5 0.8298110961914062 2441077.5 0.829010009765625 -0.9554019637078804 0.2952965705286135 -0.0026501277637729585 -0.2952955081977823 -0.9554056388717547 -0.0007924962265950724 -0.0027659684271073297 2.5418373666726372e-05 0.9999961743789656
2441148.5 0.4478759765625 2441148.5 0.44707489013671875 -0.08593938932142699 0.9963003339194266 -0.0002568951121281869 -0.9962965940334305 -0.08593977063538767 -0.0027299341609482615 -0.002741911823142112 2.133485055178403e-05 0.999996240725123
2441219.5 0.06594085693359375 2441219.5 0.0651397705078125 0.8907221310177577 0.4545418033755991 0.002415429412095266 -0.45454005981086404 0.8907254057354658 -0.0012592078956444816 -0.0027238469708226265 2.3694910754341976e-05 0.9999962900412334
2441290.5 0.6840057373046875 2441290.5 0.6832046508789062 0.7674584520888906 -0.6410952935862803 0.0020853917719416025 0.6410929854236562 0.7674612851904198 0.001720399504669807 -0.0027033974749494706 1.6594896017863998e-05 0.9999963456766738
2441361.5 0.30207061767578125 2441361.5 0.30126953125 -0.30516496411233607 -0.952299167293599 -0.0008004062946671183 0.9522957344984946 -0.3051660132527238 0.0025570317576371036 -0.002679316011464711 1.809300427054233e-05 0.9999964104627345
2441432.5 0.920135498046875 2441432.5 0.9193344116210938 -0.9956842514301499 -0.09276767885103203 -0.0026512665981261486 0.09276730704380001 -0.9956877811357268 0.0002631365690566958 -0.002664244325017365 1.6050075216091196e-05 0.9999964507659872
2441503.5 0.5382003784179688 2441503.5 0.5373992919921875 -0.46063567306780134 0.8875884599805473 -0.0012257270219079817 -0.8875853753668408 -0.46063730375297113 -0.002340048311440437 -0.0026416154675380082 1.0027649880328006e-05 0.9999965108774971
2441574.5 0.1562652587890625 2441574.5 0.15546417236328125 0.6489994238550485 0.7607870152694441 0.0016926999817641502 -0.7607843787995875 0.6490016311616764 -0.002002928857087568 -0.002622367316210623 1.2119970146169798e-05 0.9999965615154709
2441645.5 0.7743301391601562 2441645.5 0.773529052734375 0.9543655517522036 -0.298630555178909 0.0024869946214264903 0.2986295557907755 0.9543687921789068 0.0007726080379836611 -0.002604234420322646 5.339602586585741e-06 0.9999966089615366
2441716.5 0.39239501953125 2441716.5 0.39159393310546875 0.08246039310747802 -0.9965943188181261 0.00021741203866524055 0.9965910030804173 0.08246067958427088 0.0025707784167767625 -0.0025799511095557772 4.6834828498080195e-06 0.9999966719096305
2441787.5 0.01045989990234375 2441787.5 0.0096588134765625 -0.8923040714310853 -0.4514290792388151 -0.0022870341287706633 0.4514275843520656 -0.8923070023259074 0.0011617599619655693 -0.0025651887975846927 4.212852000037793e-06 0.99999670988893
2441858.5 0.6285247802734375 2441858.5 0.6277236938476562 -0.7652157620252242 0.6437709646875392 -0.001944883911121784 -0.6437688742425551 -0.7652182335870233 -0.0016405920978193377 -0.0025444261884700024 -3.3512063157011454e-06 0.9999967629368309
2441929.5 0.24658966064453125 2441929.5 0.24578857421875 0.30848810283453043 0.9512278808942107 0.000780396734292639 -0.9512248522384112 0.3084890899304563 -0.0024003911952036306 -0.0025240629082749684 -1.840642401625009e-06 0.9999968145464501
2442000.5 0.864654541015625 2442000.5 0.8638534545898438 0.9960024744834182 0.08929068643307427 0.002498827568885948 -0.08929042432277443 0.9960056090504625 -0.00021648158297079593 -0.002508176063801575 -7.50518162190387e-06 0.9999968544933054
2442071.5 0.48271942138671875 2442071.5 0.4819183349609375 0.45753410722224497 -0.8891913570026794 0.0011275460409584477 0.8891886016770574 0.45753549646728614 0.0022136214752091366 -0.002484225421068791 -1.0206237907171214e-05 0.9999969142551839
2442142.5 0.1007843017578125 2442142.5 0.09998321533203125 -0.651651945872866 -0.7585164004903577 -0.0016160529883667164 0.7585141028582003 -0.6516539496566194 0.001866992807937317 -0.002469251977139213 -9.169486424973749e-06 0.9999969513506499
2442213.5 0.7188491821289062 2442213.5 0.718048095703125 -0.9533174621653905 0.30196089611939425 -0.0023309966345055294 -0.30195994882103877 -0.9533203118116378 -0.0007565681454502292 -0.0024506404336118895 -1.7381999924215604e-05 0.9999969970251568
2442284.5 0.3369140625 2442284.5 0.33611297607421875 -0.07898039366746898 0.9968761541292672 -0.00017534130384828388 -0.9968732090720346 -0.07898058655830688 -0.002423217144599037 -0.0024294959467514882 -1.659359577777209e-05 0.9999970486326935
2442355.5 0.9549789428710938 2442355.5 0.9541778564453125 0.8860313158764554 0.4636204120615902 0.002149606029042554 -0.463619103649457 0.8860339232216183 -0.0011016495717504256 -0.0024153710916934848 -2.050240069714512e-05 0.9999970827768153
2442426.5 0.5730438232421875 2442426.5 0.5722427368164062 0.7629637108515062 -0.6464387850296515 0.001809180224355059 0.6464368899232177 0.7629658554547795 0.0015654892387506596 -0.0023923356990195586 -2.489064135837259e-05 0.9999971380510841
2442497.5 0.19110870361328125 2442497.5 0.1903076171875 -0.31180747145617266 -0.9501449991771695 -0.0007624189964305877 0.9501423324611257 -0.3118084027641287 0.0022512287784490982 -0.0023767224153588506 -2.2456610509374127e-05 0.999997175339141
2442568.5 0.809173583984375 2442568.5 0.8083724975585938 -0.9963085134720747 -0.08581260876038653 -0.0023541794328426503 0.08581244136861998 -0.9963112943507149 0.00017220789739567398 -0.0023602731667916174 -3.044569029526517e-05 0.9999972140879384
2442639.5 0.42723846435546875 2442639.5 0.4264373779296875 -0.4544269350128989 0.8907834125215331 -0.0010357177573197891 -0.8907809442346393 -0.4544281142822506 -0.002097221572596378 -0.0023388294566363105 -3.0436329457740282e-05 0.9999972644714596
2442710.5 0.0453033447265625 2442710.5 0.04450225830078125 0.6542964953132095 0.7562365406840533 0.001546206671128632 -0.7562345441131346 0.6542983214893296 -0.0017380409208662322 -0.0023260504831559333 -3.2100813817569914e-05 0.9999972942256832
2442781.5 0.6633682250976562 2442781.5 0.662567138671875 0.9522577101004721 -0.3052875528249721 0.0021825774541915787 0.30528665998360266 0.952260210588113 0.0007393015216663308 -0.0023040812185002933 -3.7693792955744936e-05 0.9999973448909334
2442852.5 0.28143310546875 2442852.5 0.28063201904296875 0.07549941411946605 -0.9971458364999412 0.00013863062415953758 0.9971432223056609 0.07549953366128141 0.0022835557389389474 -0.002287504644971395 -3.417253311998794e-05 0.9999973830739444
2442923.5 0.8994979858398438 2442923.5 0.8986968994140625 -0.8876449072906102 -0.46052401795300474 -0.0020365287787224855 0.46052291138534923 -0.887647242550302 0.001010387056814488 -0.0022730266618969266 -4.100323692943844e-05 0.9999974158309252
2442994.5 0.5175628662109375 2442994.5 0.5167617797851562 -0.7607023113210238 0.6490987227006164 -0.0016857459114280496 -0.6490970061751915 -0.7607041780099953 -0.0014933628304480851 -0.0022516938636566747 -4.179193248836915e-05 0.9999974640608739
2443065.5 0.13562774658203125 2443065.5 0.13482666015625 0.31512303493211996 0.9490505352421654 0.0007445882961333167 -0.9490481864104588 0.31512391191912115 -0.0021118730565626923 -0.002238911831338716 -4.115032509805479e-05 0.9999974927870882
2443136.5 0.753692626953125 2443136.5 0.7528915405273438 0.9966023728997443 0.08233348765144399 0.0022152069314457746 -0.0823333893060183 0.9966048337174598 -0.00013570695483434942 -0.002218859162451009 -4.713962147897685e-05 0.9999975372179041
2443207.5 0.37175750732421875 2443207.5 0.3709564208984375 0.45131418613152746 -0.8923646078474728 0.0009550171000139758 0.8923624044247568 0.4513151945313086 0.0019835207173870863 -0.0022010374153996577 -4.296968261300442e-05 0.9999975767910153
2443278.5 0.9898223876953125 2443278.5 0.9890213012695312 -0.6438669985031193 -0.7651360656241865 -0.0014454479331445194 0.76513430207582 -0.6438686192054927 0.0016434686969018677 -0.002188155737568858 -4.778653851112223e-05 0.999997604842589
2443349.5 0.6078872680664062 2443349.5 0.607086181640625 -0.9511863019611723 0.30861048597016344 -0.002046194196016073 -0.30860965992390216 -0.9511885015684343 -0.000715741330634536 -0.002167201671100271 -4.9328054481953385e-05 0.9999976503990695
2443420.5 0.2259521484375 2443420.5 0.22515106201171875 -0.07201749526779548 0.9974033630180879 -0.00010869940935881624 -0.9974010438782902 -0.07201756227583964 -0.002151370340719378 -0.0021536122794113825 -4.651939897438779e-05 0.9999976798923562
2443491.5 0.8440170288085938 2443491.5 0.8432159423828125 0.889247662635314 0.45742201162524393 0.0019229608285493696 -0.45742106799450366 0.8892497402687654 -0.0009305840632788551 -0.002135662051543603 -5.2083092756039424e-05 0.999997718114873
2443562.5 0.4620819091796875 2443562.5 0.46128082275390625 0.7584315966381995 -0.6517507464953334 0.0015740595937925876 0.6517492109569187 0.7584332285476062 0.0014155747564559165 -0.002116421003884198 -4.772452445177991e-05 0.9999977592397415
2443633.5 0.08014678955078125 2443633.5 0.079345703125 -0.31843477414378496 -0.9479445026484565 -0.0007172967093509276 0.9479424375779097 -0.31843557814808027 0.0019792949116178003 -0.0021046745229316936 -4.967966298950339e-05 0.9999977839360864
2443704.5 0.698211669921875 2443704.5 0.6974105834960938 -0.9968840520040629 -0.07885336416255943 -0.002081782939694299 0.07885330128718614 -0.9968862243226805 0.00011239120123812767 -0.0020841631589287772 -5.2114461264143956e-05 0.9999978267716435
2443775.5 0.31627655029296875 2443775.5 0.3154754638671875 -0.4481959029067694 0.8939349246060572 -0.0008849786137604435 -0.8939329679007316 -0.44819677410429 -0.0018709844200173042 -0.0020691828762836526 -4.745599273233498e-05 0.9999978581127826
2443846.5 0.9343414306640625 2443846.5 0.9335403442382812 0.646534705252251 0.7628833502029048 0.0013670726315260656 -0.7628818120409806 0.6465361484796424 -0.0015328294677537859 -0.0020532319535261955 -5.1887398199730845e-05 0.9999978907708971
2443917.5 0.5524063110351562 2443917.5 0.551605224609375 0.9501032666657573 -0.3119296564045913 0.0019162793034559224 0.31192892014254653 0.9501051979508084 0.0006794156029700854 -0.0020325968025270637 -4.777204999264676e-05 0.9999979331318989
2443988.5 0.17047119140625 2443988.5 0.16967010498046875 0.06853466822434763 -0.9976487311806872 9.17874881130516e-05 0.9976466882638162 0.06853471368626228 0.0020195088962814546 -0.002021051117198772 -4.6834888648414694e-05 0.9999979565773496
2444059.5 0.7885360717773438 2444059.5 0.7877349853515625 -0.8908395698665418 -0.45431442978563247 -0.001805449681534075 0.45431360930849674 -0.8908413980108087 0.0008648625510072548 -0.002001288855037453 -4.978657831547499e-05 0.9999979961800998
2444130.5 0.4066009521484375 2444130.5 0.40579986572265625 -0.7561516023808832 0.6543948253359027 -0.0014720021785179498 -0.6543934715225525 -0.7561530338862518 -0.0013318308008069004 -0.0019846020974421865 -4.3797378446978014e-05 0.9999980297162113
2444201.5 0.02466583251953125 2444201.5 0.02386474609375 0.3217426511398539 0.9468269147494648 0.0006781913520617945 -0.9468251069358673 0.3217433625278458 -0.0018508228323550833 -0.0019706124381539576 -4.663995457249599e-05 0.9999980572537797
2444272.5 0.642730712890625 2444272.5 0.6419296264648438 0.9971535650447736 0.07537227942257271 0.0019460763460510432 -0.075372220117889 0.9971554631245664 -0.00010390058698139839 -0.0019483718841940834 -4.3075254007707923e-05 0.9999981009939587
2444343.5 0.26079559326171875 2444343.5 0.2599945068359375 0.44507212432940585 -0.8954943444997833 0.0008265069943386649 0.8954926326773951 0.4450728900068375 0.0017513998605901237 -0.0019362245266949984 -3.9368332222140944e-05 0.9999981247406001
2444414.5 0.8788604736328125 2444414.5 0.8780593872070312 -0.6491945422233598 -0.7606213351065281 -0.0012770779803371987 0.7606199907927147 -0.6491957969422376 0.0014306778187811375 -0.0019172777298286548 -4.2582810018691655e-05 0.9999981611147147
2444485.5 0.49692535400390625 2444485.5 0.496124267578125 -0.9490086236674165 0.315245025137149 -0.0017906231185285516 -0.31524439222858325 -0.9490103122896726 -0.0006327213375450743 -0.0018987820588647559 -3.5974109003420024e-05 0.9999981966646522
2444556.5 0.114990234375 2444556.5 0.11418914794921875 -0.06505098233801694 0.9978819380521241 -8.605925797308591e-05 -0.9978801602428097 -0.06505102892349136 -0.0018839930413590894 -0.001885600870665325 -3.6678771927468395e-05 0.9999982215804307
2444627.5 0.7330551147460938 2444627.5 0.7322540283203125 0.8924206208087719 0.45120130905125205 0.0016775773380270005 -0.4512005834487063 0.8924221969138477 -0.0008099080235745977 -0.0018625388139405714 -3.414525250742453e-05 0.9999982648901289
2444698.5 0.3511199951171875 2444698.5 0.35031890869140625 0.7538623666804631 -0.6570309279154264 0.001375451025081603 0.6570297657383657 0.7538636209358818 0.0012361080989279284 -0.0018490637414280387 -2.8143112142419233e-05 0.9999982900841607
2444769.5 0.9691848754882812 2444769.5 0.9683837890625 -0.3087313014398524 -0.9511491100004367 -0.0005950265824654387 0.9511475337860749 -0.30873187326123447 0.0017318791167772322 -0.0018309789519934522 -3.127277279575002e-05 0.9999983232676398
2444840.5 0.587249755859375 2444840.5 0.5864486694335938 -0.9974109084045445 -0.07189027422127679 -0.0018078351725787814 0.07189020121377801 -0.9974125464702953 0.00010541860893333621 -0.0018107360557822719 -2.4819963824737663e-05 0.9999983603081084
2444911.5 0.20531463623046875 2444911.5 0.2045135498046875 -0.44194290255619645 0.897042848766418 -0.0007735355398006977 -0.8970413813975293 -0.4419435789066178 -0.0016226902429444779 -0.0017974817430650286 -2.3243046739306392e-05 0.9999983842582667
2444982.5 0.8233795166015625 2444982.5 0.8225784301757812 0.6518464776817677 0.7583500466710821 0.0011731359013569028 -0.758348878688791 0.651847532964996 -0.0013311494654479584 -0.0017741830023784689 -2.194120502904386e-05 0.9999984258953899
2445053.5 0.44144439697265625 2445053.5 0.440643310546875 0.9479023992780481 -0.3185565527862435 0.0016625642434280358 0.31855603619479006 0.9479038571874211 0.0005738754867224189 -0.0017587628559438036 -1.4358075451022741e-05 0.9999984532723349
2445124.5 0.05950927734375 2445124.5 0.05870819091796875 0.06156648501428165 -0.9981029805338861 9.040109617756616e-05 0.9981014646846328 0.061566549072599924 0.0017396061857577606 -0.0017418718024816995 -1.687197166806635e-05 0.9999984827978291
2445195.5 0.6775741577148438 2445195.5 0.6767730712890625 -0.8939907869233326 -0.44808268569276877 -0.0015426206786167437 0.4480820407660184 -0.893992117778538 0.0007603241433709702 -0.0017197788115619259 -1.1497842559150464e-05 0.9999985211132258
2445266.5 0.2956390380859375 2445266.5 0.29483795166015625 -0.7515639319216204 0.6596590226730693 -0.001276730402992251 -0.6596580531783096 -0.7515650163127031 -0.0011309871312145986 -0.0017056117717822957 -7.803643222746906e-06 0.9999985454127355
2445337.5 0.9137039184570312 2445337.5 0.91290283203125 0.31205045511434604 0.9500653818900268 0.0005325383451046345 -0.9500640408798633 0.31205090942502484 -0.001596293844768356 -0.0016827625961298056 -7.821311323020427e-06 0.9999985841234337
2445408.5 0.531768798828125 2445408.5 0.5309677124023438 0.9976560880234588 0.06840738988739818 0.0016610353765440832 -0.06840729424545443 0.9976574707827063 -0.00011439173329956541 -0.0016649695925409487 4.966733846893481e-07 0.9999986139370438
2445479.5 0.14983367919921875 2445479.5 0.1490325927734375 0.43880828301545977 -0.8985804187097717 0.0007224045912625517 0.8985791962506905 0.4388088776560467 0.0014822131108599068 -0.0016488852256767638 -1.2696532605241355e-06 0.9999986405870264
2445550.5 0.7678985595703125 2445550.5 0.7670974731445312 -0.6544904631892116 -0.756069511218838 -0.001061979133942922 0.7560685096299148 -0.654491324769774 0.0012306693718656923 -0.0016255277207083097 2.532386161275593e-06 0.9999986788257353
2445621.5 0.38596343994140625 2445621.5 0.385162353515625 -0.9467846143293637 0.32186419984547704 -0.0015267373799533978 -0.3218637948431776 -0.9467858452655307 -0.0005106603419741966 -0.0016098566231376617 7.916131905700855e-06 0.9999987041486542
2445692.5 0.0040283203125 2445692.5 0.00322723388671875 -0.058081232058535194 0.9983118554653067 -9.858995131493106e-05 -0.9983105968568767 -0.05808131538704639 -0.0015852464088384197 -0.001588296517831173 6.350328593894467e-06 0.9999987386361269
2445763.5 0.6220932006835938 2445763.5 0.6212921142578125 0.8955500513659467 0.4449585967809708 0.0013973722344052624 -0.4449580292439009 0.895551141438223 -0.000710830554856249 -0.001567708465771248 1.4812344367109262e-05 0.9999987710346251
2445834.5 0.2401580810546875 2445834.5 0.23935699462890625 0.749256330277344 -0.6622790781123916 0.001172277239273673 0.6622782966758018 0.7492572472108036 0.0010174744664596916 -0.0015521892689135555 1.4024588361878477e-05 0.9999987952551666
2445905.5 0.8582229614257812 2445905.5 0.857421875 -0.31536579952680277 -0.9489700703928468 -0.00046689122670383847 0.9489689551965397 -0.31536614474274116 0.0014549306810815957 -0.001527927357020173 1.5770097894139938e-05 0.9999988325939664
2445976.5 0.476287841796875 2445976.5 0.47548675537109375 -0.9978890968400491 -0.06492366813653441 -0.0015058962275997147 0.06492356060630879 -0.9978902328524908 0.00012023227664882314 -0.001510525057637275 2.221033295101732e-05 0.9999988589097246
2446047.5 0.09435272216796875 2446047.5 0.0935516357421875 -0.43566831345784474 0.9001070356836349 -0.0006670544315330599 -0.9001060491454235 -0.43566882367505944 -0.0013328050903405146 -0.0014902820585213634 1.9758783049821487e-05 0.9999988893338715
2446118.5 0.7124176025390625 2446118.5 0.7116165161132812 0.6571264631597287 0.7537797561148197 0.0009437619780254722 -0.7537789187676982 0.6571271403123097 -0.0011238711506589903 -0.0014673229316012428 2.713759090392208e-05 0.9999989231129028
2446189.5 0.33048248291015625 2446189.5 0.329681396484375 0.9456552804521859 -0.3251679264196143 0.0013820929289568836 0.32516762143742717 0.9456562900303218 0.00044620042099527494 -0.00145207493733476 2.7460086054600276e-05 0.9999989453616039
2446260.5 0.94854736328125 2446260.5 0.9477462768554688 0.07176285747761423 -0.9974217140079077 0.00012927557862837615 0.9974207010441285 0.07176296887166989 0.0014217690964659388 -0.0014273805684431647 2.691192522193363e-05 0.9999989809297113
2446331.5 0.5666122436523438 2446331.5 0.5658111572265625 -0.8970983809340711 -0.4418290803101241 -0.0012484861953773185 0.44182859993377704 -0.8970992490578918 0.0006523958326530032 -0.0014082634790690308 3.364633745519375e-05 0.9999990078304565
2446402.5 0.1846771240234375 2446402.5 0.18387603759765625 -0.74693959268667 0.6648910624613179 -0.0010582703474344118 -0.6648904530964834 -0.7469403417320187 -0.0009007077272803151 -0.00138933733271371 3.0859587854003455e-05 0.9999990343942646
2446473.5 0.8027420043945312 2446473.5 0.80194091796875 0.3186772891882222 0.9478631889721213 0.0004004338254656011 -0.9478622914170189 0.31867753870378734 -0.0013049273437490453 -0.0013645018593336686 3.629458512115783e-05 0.9999990684082555
2446544.5 0.420806884765625 2446544.5 0.42000579833984375 0.9981099255761456 0.061439151677384896 0.0013442870024386756 -0.0614390450128626 0.9981108301278335 -0.00012053810224064133 -0.0013491531746782505 3.771856659788727e-05 0.9999990891810956
2446615.5 0.03887176513671875 2446615.5 0.0380706787109375 0.43252303435852696 -0.9016226811104957 0.0006046953048908165 0.9016219100595988 0.4325234556460637 0.0011796679491823472 -0.0013251602820438938 3.497297487819489e-05 0.9999991213631729
2446686.5 0.6569366455078125 2446686.5 0.6561355590820312 -0.6597544273411008 -0.7514808099721517 -0.0008293656717064083 0.7514801363511142 -0.659754947348474 0.0010070347166363568 -0.001303945369594918 4.114378472240603e-05 0.9999991490164688
2446757.5 0.27500152587890625 2446757.5 0.274200439453125 -0.9445144090216877 0.3284676918596937 -0.0012274179302675854 -0.3284674673122402 -0.9445152057622593 -0.0003860069438369479 -0.0012861057088445714 3.8577738446510334e-05 0.9999991722215893
2446828.5 0.89306640625 2446828.5 0.8922653198242188 -0.06827993896518152 0.9976661935316612 -0.00012735366763131766 -0.9976654057386901 -0.06828004518028655 -0.0012544410840310582 -0.0012602091754923982 4.140318783094714e-05 0.9999992050789891
2446899.5 0.5111312866210938 2446899.5 0.5103302001953125 0.8986357508799344 0.4386941754499657 0.0010989389123972784 -0.4386937873371199 0.8986364217582246 -0.0005851849160974521 -0.0012442637462183547 4.377041294349478e-05 0.99999922494564
2446970.5 0.1291961669921875 2446970.5 0.12839508056640625 0.7446137425601755 -0.6674949433633772 0.0009354009021563856 0.6674944816143531 0.7446143290728974 0.0007861003164494789 -0.0012212309013773974 3.903384162164963e-05 0.9999992535354438
2447041.5 0.7472610473632812 2447041.5 0.7464599609375 -0.3219848689595684 -0.946744752121241 -0.0003442266420629322 0.9467440560250014 -0.3219850499505823 0.0011489080243328796 -0.001198558475243751 4.403647235708066e-05 0.9999992807589265
2447112.5 0.365325927734375 2447112.5 0.36452484130859375 -0.9983185673680772 -0.057953884156898776 -0.0011770128626014886 0.057953794099452935 -0.9983192603261523 0.0001105048498842665 -0.0011814387956533133 4.210668232620259e-05 0.9999993012144555
2447183.5 0.9833908081054688 2447183.5 0.9825897216796875 -0.4448439383046828 0.8956079310988525 -0.0005516397471888814 -0.8956073556064827 -0.4448442783575266 -0.0010161673764097136 -0.0011554813468856787 4.20167175227889e-05 0.9999993315485027
2447254.5 0.6014556884765625 2447254.5 0.6006546020507812 0.6623743227778986 0.749172702116787 0.0007203662643184021 -0.7491721834156722 0.6623747129654223 -0.0008827344824246255 -0.0011384729750052549 4.5022287884600555e-05 0.9999993509259287
2447325.5 0.21952056884765625 2447325.5 0.218719482421875 0.9433620050876834 -0.33176345453223455 0.0010665804150961945 0.3317632887278828 0.9433626072354642 0.00033394964943680674 -0.0011169643705460737 3.8816815308318934e-05 0.9999993754417298
2447396.5 0.83758544921875 2447396.5 0.8367843627929688 0.06479620352170204 -0.9978985115064543 0.00011288213586146033 0.9978979192088174 0.06479628814379529 0.0010880631871195427 -0.0010930909782507858 4.2142484769216404e-05 0.999999401687883
2447467.5 0.45565032958984375 2447467.5 0.4548492431640625 -0.9001621389882407 -0.43555392206417065 -0.0009510555374567075 0.4355536303013659 -0.9001626404641109 0.000505810220075503 -0.0010764122889967305 4.107551766211659e-05 0.9999994198245247
2447538.5 0.0737152099609375 2447538.5 0.07291412353515625 -0.7422788024024628 0.6700906878186091 -0.0008059793709660421 -0.6700903476599904 -0.7422792389974913 -0.000676258989754689 -0.0010514166057142469 3.810628386264187e-05 0.999999446535363
2447609.5 0.6917800903320312 2447609.5 0.69097900390625 0.3252885035871771 0.9456147742640478 0.0002968628815282255 -0.9456142566841266 0.32528863641376193 -0.0009902402739784353 -0.0010329519550771233 4.1396003855164406e-05 0.9999994656481719
2447680.5 0.309844970703125 2447680.5 0.30904388427734375 0.9985150108011362 0.05446791008919926 0.0010099382762544567 -0.05446784732853284 0.9985155209537968 -8.956429932711186e-05 -0.0010133174242460095 3.442213346212309e-05 0.9999994860013253
2447751.5 0.9279098510742188 2447751.5 0.9271087646484375 0.4417143146326988 -0.8971556412246693 0.000468686799218873 0.8971552190105297 0.4417145618433902 0.00087112437237283 -0.0009885599290389892 3.569670289228189e-05 0.9999995107373864
2447822.5 0.5459747314453125 2447822.5 0.5451736450195312 -0.664986115954386 -0.7468554621105293 -0.0006199222293119772 0.7468550866385422 -0.6649864039587959 0.0007497413435793185 -0.0009721882716242526 3.557551374958514e-05 0.9999995267920616
2447893.5 0.16403961181640625 2447893.5 0.163238525390625 -0.942198075930252 0.3350551722599167 -0.000904021685082285 -0.3350550486427103 -0.9421985091413508 -0.0002893973891308528 -0.0009487319759804483 3.0227366445198815e-05 0.9999995494968705
2447964.5 0.7821044921875 2447964.5 0.7813034057617188 -0.06131168500847567 0.9981186648676122 -9.01349888555161e-05 -0.9981182367716481 -0.06131174224674003 -0.0009250332563067292 -0.0009288192919447946 3.325002850921751e-05 0.9999995680944862
2448035.5 0.40016937255859375 2448035.5 0.3993682861328125 0.9016775218624435 0.4324083603035246 0.0008102515796829763 -0.4324081593196524 0.9016778855265153 -0.000417739417573647 -0.0009112199476978943 2.6306848659727794e-05 0.999999584492992
2448106.5 0.0182342529296875 2448106.5 0.01743316650390625 0.7399347959381376 -0.672678262612173 0.000672881157670338 0.6726780150104286 0.7399351014620913 0.0005777074664167018 -0.0008864996424776581 2.5166505198915646e-05 0.999999606742438
2448177.5 0.6362991333007812 2448177.5 0.635498046875 -0.32858815328635294 -0.9444732697745994 -0.0002611534845884823 0.9444729053746023 -0.32858825602897396 0.0008300681256194294 -0.0008697891247939342 2.6098162155413825e-05 0.9999996213928106
2448248.5 0.254364013671875 2448248.5 0.25356292724609375 -0.9986992507706461 -0.05098127394377548 -0.0008462961775296509 0.050981239412670194 -0.9986996091627182 6.233925204141621e-05 -0.0008483737962181977 1.9112936260933388e-05 0.9999996399482339
2448319.5 0.8724288940429688 2448319.5 0.8716278076171875 -0.4385792968257046 0.8986924137441814 -0.00038193523709159643 -0.8986921143043196 -0.43857946260938324 -0.0007339376665209058 -0.0008270931640963243 2.135232004689253e-05 0.9999996577304293
2448390.5 0.4904937744140625 2448390.5 0.48969268798828125 0.6675897763012372 0.7445291191874037 0.0005303396038634933 -0.7445288659322272 0.6675899867807281 -0.0006142831400631664 -0.0008114010943330881 1.5236000231369243e-05 0.9999996706980101
2448461.5 0.10855865478515625 2448461.5 0.107757568359375 0.9410226316637409 -0.3383428030933244 0.0007445076208881817 0.33834270711208136 0.94102292610501 0.0002551251361695434 -0.0007869184936245057 1.1820196869445495e-05 0.9999996903097357
2448532.5 0.72662353515625 2448532.5 0.7258224487304688 0.05782642399552958 -0.9983266506086136 5.8073021898964505e-05 0.9983263553181261 0.05782645156436407 0.0007679692060560533 -0.0007700422820381926 1.356691536416334e-05 0.9999997034253674
2448603.5 0.34468841552734375 2448603.5 0.3438873291015625 -0.9031818845651197 -0.42925752973470876 -0.0006756918351001615 0.4292574047272432 -0.9031821372964843 0.00032765131424503026 -0.00075091958954436 5.883007943763797e-06 0.9999997180425403
2448674.5 0.9627532958984375 2448674.5 0.9619522094726562 -0.7490879456158085 0.6624703365253412 -0.0005504153758792269 -0.6624701644849251 -0.7490881478007908 -0.0004774847635724277 -0.0007286291264456551 6.955683980643688e-06 0.999999734525572
2448745.5 0.5808181762695312 2448745.5 0.58001708984375 0.3318837838939469 0.9433202525148764 0.00023491170124121847 -0.9433200112661614 0.33188386702269534 -0.000674651665178353 -0.0007143759829701011 2.3090387825835076e-06 0.999999744830779
2448816.5 0.198883056640625 2448816.5 0.19808197021484375 0.9988712838166734 0.04749401955957182 0.0006902698791610499 -0.047494010332335766 0.9988715223174319 -2.9762530245483854e-05 -0.0006909044671987489 -3.054747982740906e-06 0.9999997613208144
2448887.5 0.8169479370117188 2448887.5 0.8161468505859375 0.4354389213441522 -0.9002182291564318 0.0002926996708581433 0.9002180247530378 0.43543901971920174 0.0006066429937433757 -0.0006735639393060805 -6.624512965445224e-07 0.9999997731555645
2448958.5 0.4350128173828125 2448958.5 0.43421173095703125 -0.6701852801371443 -0.7421937019902196 -0.0004461093512107929 0.7421935455335398 -0.6701854285649169 0.00048198299733295173 -0.0006567007318125681 -8.081570987609395e-06 0.9999997843393954
2449029.5 0.05307769775390625 2449029.5 0.052276611328125 -0.9398356852039992 0.3416263059874834 -0.000593190082205116 -0.3416262324409186 -0.9398358723684597 -0.00022431594083630776 -0.0006341335446292381 -8.170833058671765e-06 0.9999997989039223
2449100.5 0.671142578125 2449100.5 0.6703414916992188 -0.05434045574766757 0.9985224656247804 -2.2621782349819808e-05 -0.9985222730742552 -0.05434045931983098 -0.0006202060403869366 -0.0006205189426837284 -1.1113925364861851e-05 0.9999998074163426
2449171.5 0.28920745849609375 2449171.5 0.2884063720703125 0.9046752103487812 0.42610146929548015 0.0005492218349469375 -0.42610140267374375 0.9046753768868346 -0.0002389437796810222 -0.0005986817661238584 -1.7857680111222787e-05 0.9999998206306069
2449242.5 0.9072723388671875 2449242.5 0.9064712524414062 0.7467704590434927 -0.6650817258408619 0.0004236183534363389 0.6650816072879399 0.7467705790448277 0.0003973919301242489 -0.0005806438338095976 -1.5019778704591785e-05 0.9999998313135581
2449313.5 0.5253372192382812 2449313.5 0.5245361328125 -0.33517536383371266 -0.9421557363302162 -0.00020971172621525813 0.9421555897587564 -0.3351754287634832 0.000525965344307779 -0.0005658314839990605 -2.1290449455147404e-05 0.9999998396907113
2449384.5 0.143402099609375 2449384.5 0.14260101318359375 -0.9990311103792309 -0.04400618963868885 -0.0005438454971670634 0.0440061955095282 -0.999031258147313 1.1723116519250767e-06 -0.0005433702402390923 -2.2761395469563727e-05 0.9999998521153396
2449455.5 0.7614669799804688 2449455.5 0.7606658935546875 -0.43229322206710685 0.9017330685823919 -0.00020779754643298243 -0.901732936825601 -0.4322932713659206 -0.0004880324059123124 -0.0005299044400779425 -2.359520942060254e-05 0.9999998593222654
2449526.5 0.3795318603515625 2449526.5 0.37873077392578125 0.6727725987003337 0.7398492389690992 0.00036610769919637203 -0.7398491536951917 0.6727726976009709 -0.00035656586867194545 -0.0005101122509777825 -3.097672534313915e-05 0.9999998694129584
2449597.5 0.9975967407226562 2449597.5 0.996795654296875 0.9444312144332961 -0.3287087989037115 0.0004546727690582557 0.3287087464170631 0.9444313234649632 0.00018784872368858875 -0.0004911547333620991 -2.7955282301598726e-05 0.9999998789927578
2449668.5 0.61566162109375 2449668.5 0.6148605346679688 0.05085381737952448 -0.9987061075184467 -7.95501265339651e-06 0.9987059931457306 0.050853807739881116 0.0004790544388512162 -0.0004780300512281476 -3.230646576638052e-05 0.9999998852217744
2449739.5 0.23372650146484375 2449739.5 0.2329254150390625 -0.9061574859949255 -0.4229402171293088 -0.00042814713779821097 0.4229401878881634 -0.906157586463235 0.00016113425419931696 -0.0004561189334940574 -3.5067620216892e-05 0.9999998953628848
2449810.5 0.8517913818359375 2449810.5 0.8509902954101562 -0.7444438460455524 0.6676850051287774 -0.0003066122758003442 -0.6676849291392545 -0.7444439084223602 -0.00032033287654245895 -0.00044213709928191055 -3.3749442992905804e-05 0.9999999016878756
2449881.5 0.46985626220703125 2449881.5 0.46905517578125 0.33846285514367946 0.940979735429678 0.0001822050579397366 -0.940979657279976 0.3384629017142138 -0.00038567920830925737 -0.00042458597201052253 -4.091316696661471e-05 0.9999999090264283
2449952.5 0.087921142578125 2449952.5 0.08712005615234375 0.9991787332203116 0.04051782588113937 0.00040603709141401285 -0.04051783804860912 0.9991788149902937 2.178209323078653e-05 -0.000404821096777967 -3.821594943861674e-05 0.9999999173297072
2450023.5 0.7059860229492188 2450023.5 0.7051849365234375 0.42914223675383417 -0.9032369141559659 0.0001324383726617874 0.9032368385644003 0.4291422553368896 0.0003716780291231435 -0.0003925482180196462 -3.9879523748250995e-05 0.9999999221577571
2450094.5 0.3240509033203125 2450094.5 0.32324981689453125 -0.6753517054725634 -0.7374957584553203 -0.00028315316439129866 0.7374957191869722 -0.6753517634211339 0.00024459119539916246 -0.0003716129580499966 -4.3639165662126866e-05 0.9999999299997141
2450165.5 0.9421157836914062 2450165.5 0.941314697265625 -0.9432778328550095 0.3320042556892456 -0.0003228754942424376 -0.33200422129553164 -0.9432778872508302 -0.00015641470162146504 -0.0003564916606424242 -4.034649373651228e-05 0.999999935642926
2450236.5 0.5601806640625 2450236.5 0.5593795776367188 -0.047366551492977554 0.9988775745226519 3.0255685514444246e-05 -0.9988775167501395 -0.047366538367363833 -0.0003428908976472472 -0.00034107292107668643 -4.6463283379850224e-05 0.9999999407552111
2450307.5 0.17824554443359375 2450307.5 0.1774444580078125 0.907628697226399 0.4197738108741739 0.00030931421740730525 -0.41977380258882707 0.9076287488573554 -9.438085531616529e-05 -0.00032036108745647535 -4.417923248774572e-05 0.999999947708483
2450378.5 0.7963104248046875 2450378.5 0.7955093383789062 0.7421081382379379 -0.6702801438050789 0.0001999541493027027 0.6702801026834305 0.7421081639225667 0.00023871776112700403 -0.00030839538186242226 -4.312910555343212e-05 0.9999999515160832
2450449.5 0.41437530517578125 2450449.5 0.41357421875 -0.34174622052306797 -0.939792264411192 -0.00014321691445008197 0.9397922309647794 -0.34174624724636105 0.00025516910135990227 -0.0002887497906279703 -4.739106756453765e-05 0.9999999571888214
2450520.5 0.032440185546875 2450520.5 0.03163909912109375 -0.9993141550693451 -0.03702896951442178 -0.00027366903597637974 0.03702897971716992 -0.9993141916421205 -3.230727602369381e-05 -0.00027228504632289917 -4.241880343022927e-05 0.9999999620307488
2450591.5 0.6505050659179688 2450591.5 0.6497039794921875 -0.4259860063532468 0.9047297485044093 -6.754523179834745e-05 -0.9047297141473665 -0.4259860091186859 -0.0002537202426897646 -0.000258321575085623 -4.697109466317772e-05 0.9999999655318396
2450662.5 0.2685699462890625 2450662.5 0.26776885986328125 0.6779225696788981 0.735133288523863 0.0001939692064401604 -0.7351332759311225 0.6779225959109639 -0.00014342981966387834 -0.0002369361429562548 -4.535890625071142e-05 0.9999999709019164
2450733.5 0.8866348266601562 2450733.5 0.885833740234375 0.9421129329068212 -0.33529566451816345 0.0001974969099567336 0.33529564754199787 0.942112952684486 0.00011455790621317704 -0.00022447516627261698 -4.170663070431549e-05 0.9999999739357279
2450804.5 0.50469970703125 2450804.5 0.5038986206054688 0.04387870089303546 -0.9990368653136372 -3.6772827695299756e-05 0.9990368447081684 0.04387869233094114 0.00020802613762958212 -0.00020621223684584022 -4.5865326428288414e-05 0.9999999776864423
2450875.5 0.12276458740234375 2450875.5 0.1219635009765625 -0.9090888286935508 -0.4166022879739979 -0.0001876150842590041 0.4166022877894854 -0.9090888471711426 4.192383256988059e-05 -0.00018802434522784584 -4.0048385486596684e-05 0.9999999815214861
2450946.5 0.7408294677734375 2450946.5 0.7400283813476562 -0.7397633676673857 0.6728671114518875 -0.00010091481190447166 -0.6728670962623371 -0.7397633733342497 -0.00014913291071813817 -0.00017499971252882913 -4.242080781261954e-05 0.9999999837877876
2451017.5 0.35889434814453125 2451017.5 0.35809326171875 0.34502541705545786 0.9385933374607607 9.197815007934686e-05 -0.9385933294572002 0.3450254267999212 -0.0001294603352881552 -0.00015324540865195254 -4.166297195101265e-05 0.9999999873900205
2451088.5 0.976959228515625 2451088.5 0.9761581420898438 0.9987125798684802 0.05072635287706552 0.0001411957378177266 -0.05072635740187306 0.9987125892086987 2.8649516807825955e-05 -0.00013956067539948303 -3.577497830896502e-05 0.9999999896214844
2451159.5 0.5950241088867188 2451159.5 0.5942230224609375 0.4228245715708658 -0.9062115544456301 1.628331408858103e-05 0.9062115462953454 0.42282457006298796 0.00012771863699125052 -0.00012262508983588316 -3.924645073410951e-05 0.9999999917114017
2451230.5 0.2130889892578125 2451230.5 0.21228790283203125 -0.6804851592633453 -0.7327618570371348 -9.430711268824696e-05 0.7327618559133474 -0.6804851649806809 5.25322675430466e-05 -0.00010266823305338783 -3.3357226479437864e-05 0.9999999941732646
2451301.5 0.8311538696289062 2451301.5 0.830352783203125 -0.9409365312516764 0.3385829865695658 -7.322359068950841e-05 -0.3385829825744004 -0.9409365335101278 -6.178162319378786e-05 -8.981695808827874e-05 -3.3340324498333324e-05 0.9999999954106683
2451372.5 0.44921875 2451372.5 0.44841766357421875 -0.040390312855367615 0.9991839778951483 3.0742038956512656e-05 -0.9991839760497742 -0.04039031064667172 -6.93630296691382e-05 -6.806474739796304e-05 -3.351854719115996e-05 0.9999999971218485
2451443.5 0.06728363037109375 2451443.5 0.0664825439453125 0.9105378624248618 0.4134256857497778 5.8763010488403135e-05 -0.41342568657331574 0.9105378639447705 2.067538697857971e-06 -5.265117244275858e-05 -2.617671022848533e-05 0.9999999982713169
2451514.5 0.6853485107421875 2451514.5 0.6845474243164062 0.7374095648306372 -0.6754458776482607 8.016146218770787e-06 0.6754458766944502 0.7374095643317047 4.5701137985718326e-05 -3.677982814475075e-05 -2.828598336945387e-05 0.9999999989235737
2451585.5 0.30341339111328125 2451585.5 0.3026123046875 -0.3483004015202781 -0.9373829684682328 -2.6953645324940492e-05 0.9373829687328031 -0.34830040179630956 6.180951335519425e-06 -1.5181884005058836e-05 -2.3113060246679204e-05 0.9999999996176484
2451656.5 0.921478271484375 2451656.5 0.9206771850585938 -0.998883612410571 -0.047239060641353324 -2.707552254082911e-06 0.047239060687266535 -0.9988836121990246 -2.0630392183850324e-05 -1.7299692260080889e-06 -2.0735262900922295e-05 0.999999999783528
2451727.5 0.5395431518554688 2451727.5 0.5387420654296875 -0.41965797480337746 0.9076823141376547 2.8029231689708487e-05 -0.9076823143596987 -0.4196579751712701 8.589073738702751e-06 1.9558840946294203e-05 -2.1837164604958357e-05 0.9999999995702951
2451798.5 0.1576080322265625 2451798.5 0.15680694580078125 0.6830394399241769 0.7303814915963033 -1.5544404261519502e-05 -0.7303814908093024 0.6830394399656743 3.6531577770700044e-05 3.729942944625864e-05 -1.3599163267474466e-05 0.9999999992119076
2451869.5 0.7756729125976562 2451869.5 0.774871826171875 0.9397486419285456 -0.34186618300277766 -5.396817415550856e-05 0.3418661832706994 0.9397486433701179 -4.466479179194177e-06 5.224345663859397e-05 -1.425252597951887e-05 0.9999999985337432
2451940.5 0.39373779296875 2451940.5 0.39293670654296875 0.03690143342921008 -0.9993189100758004 -1.3258348281379128e-05 0.999318907341099 0.03690143431892199 -7.467126701680033e-05 7.510966123983074e-05 -1.0493841334449136e-05 0.999999997124209
2452011.5 0.01180267333984375 2452011.5 0.0110015869140625 -0.9119757782374625 -0.4102440415527866 7.923769604911133e-05 0.41024403943327686 -0.9119757816606684 -4.21174474672825e-05 8.954129166258397e-05 -5.90329943453212e-06 0.9999999959737542
2452082.5 0.6298675537109375 2452082.5 0.6290664672851562 -0.7350467591580891 0.6780164115790419 8.64908478631661e-05 -0.6780164081171367 -0.7350467642037459 6.897493543240366e-05 0.00011034095606817331 -7.942411256024218e-06 0.9999999938808957
2452153.5 0.24793243408203125 2452153.5 0.24713134765625 0.3515711301658504 0.9361611711149561 -4.6158228155988515e-05 -0.9361611631528988 0.3515711331958184 0.0001220967565708255 0.0001305301432021339 2.858458566658313e-07 0.9999999914808999
2452224.5 0.865997314453125 2452224.5 0.8651962280273438 0.9990424477381048 0.04375118984230884 -0.00014493046067139432 -0.04375118955791461 0.9990424582498548 5.133640001308746e-06 0.00014501628656505314 1.2121557791417347e-06 0.9999999894844035
2452295.5 0.48406219482421875 2452295.5 0.4832611083984375 0.4164862561791094 -0.909142009737255 -6.741521890569525e-05 0.909141996598667 0.41648626162373936 -0.00015459389740073078 0.00016862531907693452 3.096226833760656e-06 0.9999999857779572
2452366.5 0.1021270751953125 2452366.5 0.10132598876953125 -0.685585377345609 -0.727992220136603 0.00013338088875358836 0.7279922088935068 -0.6855853902590786 -0.0001282718095481363 0.00018482486808545895 9.158970870343002e-06 0.9999999828779406
2452437.5 0.7201919555664062 2452437.5 0.719390869140625 -0.9385492766568604 0.34514521472137166 0.00018984683456452385 -0.34514520622231415 -0.9385492958342395 7.688180188484284e-05 0.00020471599891894337 6.632634675103986e-06 0.9999999790236838
2452508.5 0.3382568359375 2452508.5 0.33745574951171875 -0.03341210719870876 0.9994416596542081 -6.339104946837927e-06 -0.999441633864982 -0.03341210489377835 0.00022747277242492794 0.00022713396236143771 1.39359100566445e-05 0.9999999741079765
2452579.5 0.9563217163085938 2452579.5 0.9555206298828125 0.9062654844065677 0.4227089077941251 -0.00022593102783839786 -0.4227088990977065 0.9062655124205573 8.72966651611357e-05 0.00024165457670234194 1.638910150443698e-05 0.999999970667231
2452650.5 0.5743865966796875 2452650.5 0.5735855102539062 0.7326749780411662 -0.6805786823761167 -0.00018343271943748824 0.6805786553330678 0.7326750008234959 -0.00019254434831383164 0.00026543814674165366 1.6232032628308848e-05 0.9999999646395551
2452721.5 0.19245147705078125 2452721.5 0.191650390625 -0.35483756146160006 -0.9349279598185014 0.00012217037848908028 0.9349279247911109 -0.35483758174503516 -0.00025695742955707094 0.00028358732704227983 2.3042350722582077e-05 0.9999999595236381
2452792.5 0.810516357421875 2452792.5 0.8097152709960938 -0.999189079414617 -0.04026278220801169 0.00030322836395240587 0.0402627865249412 -0.9991891252185124 8.143167119255756e-06 0.0003026546171571793 2.03453825378437e-05 0.999999953993123
2452863.5 0.42858123779296875 2452863.5 0.4277801513671875 -0.4133094532458393 0.9105906234064538 0.00011145343973736958 -0.9105905715750939 -0.41330946745868263 0.0003083302865249448 0.0003268274296484708 2.5947370742600378e-05 0.9999999462552811
2452934.5 0.0466461181640625 2452934.5 0.04584503173828125 0.6881229378871753 0.7255940714113441 -0.0002566831407744695 -0.7255940363123567 0.6881229851237765 0.00022762311531813003 0.00034179155205403067 2.961506931841495e-05 0.9999999411507399
2453005.5 0.6647109985351562 2453005.5 0.663909912109375 0.9373384466531958 -0.34842004213444944 -0.0003326631940628123 0.34842000959316777 0.9373385052784453 -0.00015309300605970548 0.0003651586927081421 2.7593447221087767e-05 0.9999999329488631
2453076.5 0.28277587890625 2453076.5 0.28197479248046875 0.029922375765180025 -0.9995522252028909 2.281483914589393e-05 0.9995521511968136 0.02992236473542359 -0.0003861689559913549 0.00038531336532947276 3.435971415180537e-05 0.9999999251765075
2453147.5 0.9008407592773438 2453147.5 0.9000396728515625 -0.9077357916319448 -0.4195421174836898 0.00037979946032188445 0.4195420951524518 -0.9077358705302412 -0.00014052684625909527 0.0004037145243873875 3.1780613280984824e-05 0.9999999180022844
2453218.5 0.5189056396484375 2453218.5 0.5181045532226562 -0.7302942467010931 0.6831326588254512 0.0002892772892342556 -0.6831325854076873 -0.7302943031506892 0.000318653198360065 0.00042893996299993634 3.5095854955254516e-05 0.9999999073893902
2453289.5 0.13697052001953125 2453289.5 0.13616943359375 0.35809965591644366 0.9336833498812378 -0.00019643593485285573 -0.9336832645435161 0.3580997075877924 0.00040116941336122415 0.0004449088525698812 3.975031603251686e-05 0.9999999002380076
2453360.5 0.755035400390625 2453360.5 0.7542343139648438 0.9993235024556256 0.036773880498450984 -0.00046813770107637266 -0.036773893337798375 0.9993236114560822 -1.8845511634582123e-05 0.0004671280355079466 3.604800857338219e-05 0.9999998902459637
2453431.5 0.37310028076171875 2453431.5 0.3722991943359375 0.41012760198097664 -0.9120281375634185 -0.00016243747790800308 0.9120280207911001 0.41012763200729996 -0.0004634176901758554 0.0004892700710510144 4.191285450303154e-05 0.9999998794290478
2453502.5 0.9911651611328125 2453502.5 0.9903640747070312 -0.6781101270783261 -0.7349602140949152 0.0003731640065459322 0.7349601338080591 -0.6781102285891912 -0.0003458258982468025 0.0005072146059974966 3.975262437049445e-05 0.9999998705765277
2453573.5 0.6092300415039062 2453573.5 0.608428955078125 -0.9361161625661752 0.3516906248044934 0.00048436246874650825 -0.3516905550437484 -0.9361162870011482 0.00022517594413318806 0.000532611864291174 4.04451352426662e-05 0.9999998573443865
2453644.5 0.227294921875 2453644.5 0.22649383544921875 -0.026432278296212686 0.9996506058109396 -3.107882647887677e-05 -0.9996504549896604 -0.026432257177332073 0.000551016765896331 0.000550002760308333 4.563259152662802e-05 0.9999998477073037
2453715.5 0.8453598022460938 2453715.5 0.8445587158203125 0.9091950070094125 0.4163702104882412 -0.0005357677985990682 -0.4163701642081832 0.9091951639527135 0.00020050497914090722 0.0005706017918590443 4.0779600359081896e-05 0.999999836375296
2453786.5 0.4634246826171875 2453786.5 0.46262359619140625 0.7279045917644513 -0.6856783092016628 -0.00040196837401197883 0.685678169293046 0.7279047013692082 -0.0004403175486217718 0.0005945108614981933 4.488822666426851e-05 0.9999998222709255
2453857.5 0.08148956298828125 2453857.5 0.0806884765625 -0.3613573780598692 -0.9324273574410542 0.00026156680066886944 0.9324271934598631 -0.3613574701147781 -0.0005546970420161765 0.0006117338144255723 4.344812912376403e-05 0.9999998119469825
2453928.5 0.699554443359375 2453928.5 0.6987533569335938 -0.9994457129451276 -0.03328452855442185 0.0006379925669212562 0.033284548261615025 -0.999445915712894 2.0293720600231392e-05 0.0006369635983441807 4.1517766432120076e-05 0.9999997962768039
2453999.5 0.31761932373046875 2453999.5 0.3168182373046875 -0.4069407363923459 0.9134545345890223 0.00022428376204491107 -0.9134543266106516 -0.4069407955208182 0.0006181724405522894 0.0006559426315317497 4.6686575341627225e-05 0.9999997837797903
2454070.5 0.9356842041015625 2454070.5 0.9348831176757812 0.6806720263130344 0.7325881195542365 -0.0004895742009638801 -0.7325879724097022 0.6806722011201084 0.0004661576402569305 0.0006747410980757077 4.135570564759579e-05 0.9999997715070519
2454141.5 0.5537490844726562 2454141.5 0.552947998046875 0.9348824394314441 -0.3549569212991931 -0.0006391122815954443 0.35495680651751627 0.9348826568990737 -0.00028868012945737525 0.0006999639978695608 4.3024729155591896e-05 0.9999997540996071
2454212.5 0.17181396484375 2454212.5 0.17101287841796875 0.022941851079331582 -0.9997368007584774 2.6043398292095483e-05 0.9997365439508982 0.022941826486366508 -0.0007178346488602696 0.0007170482322027583 4.250499260919492e-05 0.9999997420175458
2454283.5 0.7898788452148438 2454283.5 0.7890777587890625 -0.91064311338404 -0.4131932272096374 0.0006906767039471856 0.4131931398819173 -0.9106433745011525 -0.0002713515692825301 0.0007410807949943866 3.82784380683895e-05 0.9999997246669702
2454354.5 0.4079437255859375 2454354.5 0.40714263916015625 -0.7255060388405888 0.6882156014159861 0.0005230425109873223 -0.6882153787992231 -0.7255062261156203 0.0005552042104084795 0.0007615707978217495 4.283810760808807e-05 0.9999997090873659
2454425.5 0.02600860595703125 2454425.5 0.02520751953125 0.36461069004027846 0.931159998516156 -0.0003191735354810245 -0.9311597278149836 0.36461082776458525 0.0007110361084218643 0.0007784625086376626 3.795017628336239e-05 0.9999996962779072
2454496.5 0.644073486328125 2454496.5 0.6432723999023438 0.9995557129290419 0.029794771087588646 -0.0008052122412355444 -0.02979479084982823 0.9995560365885279 -1.2555822342790838e-05 0.0008044806586117865 3.6541374264862924e-05 0.9999996757377464
2454567.5 0.26213836669921875 2454567.5 0.2613372802734375 0.403748890669099 -0.9148697965163524 -0.00029783484922317363 0.9148694761402714 0.4037489988255007 -0.000766533908969758 0.0008215292435135876 3.700720291603251e-05 0.9999996618600273
2454638.5 0.8802032470703125 2454638.5 0.8794021606445312 -0.6832256136551971 -0.7302070950602418 0.0005993072374564044 0.7302068532086705 -0.6832258757991725 -0.0005951180907032568 0.0008440216644164971 3.101832924443901e-05 0.999999643332583
2454709.5 0.49826812744140625 2454709.5 0.497467041015625 -0.9336372921381041 0.35821888998454904 0.0007959819497394217 -0.35821872812054534 -0.9336376308147192 0.00034227237579830666 0.0008657671322591785 3.4422612465837226e-05 0.9999996246311078
2454780.5 0.1163330078125 2454780.5 0.11553192138671875 -0.01945113634907583 0.9998108086653634 -1.3062992151071638e-05 -0.9998104204208489 -0.019451117277072674 0.0008816204165760194 0.0008811995318427846 3.0209034599808446e-05 0.999999611287324
2454851.5 0.7343978881835938 2454851.5 0.7335968017578125 0.9120800989899837 0.4100112083741178 -0.0008378747038612669 -0.41001106146567856 0.9120804834704169 0.00034806343684136025 0.0009069190753179313 2.6076162770664012e-05 0.9999995884088275
2454922.5 0.3524627685546875 2454922.5 0.35166168212890625 0.7230986169906884 -0.6907445030191159 -0.0006493496943449568 0.6907441899318805 0.7230989080312972 -0.0006582395450867538 0.0009242194023521134 2.7437576092181485e-05 0.9999995725327466
2454993.5 0.9705276489257812 2454993.5 0.9697265625 -0.3518099417772026 -0.9360713868633446 0.0003515145202759311 0.9360709759115126 -0.3518101167967897 -0.0008773685061966856 0.0009449459188221351 2.0375576953815924e-05 0.9999995533309234
2455064.5 0.588592529296875 2455064.5 0.5877914428710938 -0.9996535043315479 -0.026304652522767043 0.0009677465125188063 0.02630466171695519 -0.999653972513256 -3.2284818700337096e-06 0.0009674965697213816 2.2228881418710542e-05 0.9999995317280227
2455135.5 0.20665740966796875 2455135.5 0.2058563232421875 -0.40055210648846745 0.9162739048771565 0.0003758042269640681 -0.916273455798026 -0.40055228232524476 0.0009073720198128851 0.0009819305445904966 1.91103361551432e-05 0.999999517723484
2455206.5 0.8247222900390625 2455206.5 0.8239212036132812 0.6857708631939318 0.7278171707507732 -0.0006993958769675994 -0.7278168110057439 0.6857712197219754 0.000723753038746634 0.0010063854526017812 1.2703330678949763e-05 0.9999994935133449
2455277.5 0.44278717041015625 2455277.5 0.441986083984375 0.9323807406685964 -0.36147648933472554 -0.0009497834066081989 0.36147628566203344 0.9323812243077559 -0.00038400827009382906 0.0010243701768319026 1.4717737283086076e-05 0.9999994752244268
2455348.5 0.06085205078125 2455348.5 0.06005096435546875 0.015960172609342717 -0.9998726282895068 -9.365537091856844e-06 0.9998720845116085 0.01596017369724811 -0.0010428182797114795 0.0010428349297645538 7.279220644083361e-06 0.999999456221013
2455419.5 0.6789169311523438 2455419.5 0.6781158447265625 -0.9135059501821846 -0.40682419401143577 0.000976805349969807 0.4068239701818487 -0.9135064723968329 -0.000426819131449382 0.0010659583586121678 7.486014333234555e-06 0.9999994318382073
2455490.5 0.2969818115234375 2455490.5 0.29618072509765625 -0.7206823610872842 0.6932649817560141 0.0007742664193904163 -0.6932645730163546 -0.720682776981226 0.0007528366906332945 0.0010799157878490849 5.784645073450412e-06 0.9999994168740444
2455561.5 0.9150466918945312 2455561.5 0.91424560546875 0.35507603745926003 0.9348373420055115 -0.00038937681325964423 -0.9348367731692129 0.35507625094804485 0.0010312823343995427 0.0011023396954079792 -2.179881151448716e-06 0.9999993924210375
2455632.5 0.533111572265625 2455632.5 0.5323104858398438 0.9997390933018239 0.02281421662842933 -0.001121090397039268 -0.02281420238182702 0.999739721887464 2.549622371035858e-05 0.0011213802781200191 8.721162590072098e-08 0.9999993712529345
2455703.5 0.15117645263671875 2455703.5 0.1503753662109375 0.3973504215679908 -0.9176668417377043 -0.00045831745048089594 0.9176662506894011 0.3973506858304552 -0.001041544874703189 0.0011379039489759577 -6.724161368847539e-06 0.9999993525644847
2455774.5 0.7692413330078125 2455774.5 0.7684402465820312 -0.6883077443264629 -0.725418376138947 0.0007928809195569622 0.7254178808925029 -0.6883082009470286 -0.0008476971704792617 0.0011606815441744644 -8.306530825221735e-06 0.9999993263744503
2455845.5 0.38730621337890625 2455845.5 0.386505126953125 -0.9311128065524249 0.36472967874397944 0.0010967759016308652 -0.3647294363268467 -0.9311134524711472 0.0004205995284122452 0.0011746279272346776 -8.40084904983158e-06 0.9999993100890909
2455916.5 0.00537109375 2455916.5 0.00457000732421875 -0.01246901027613158 0.9999222583690787 3.163566112237648e-05 -0.9999215458128612 -0.01246903916179315 0.0011938515820033894 0.0011941532363341104 -1.6747031533793034e-05 0.9999992868585382
2455987.5 0.6234359741210938 2455987.5 0.6226348876953125 0.9149206557125072 0.4036322233504115 -0.0011054518538099864 -0.4036319088695311 0.9149213234198603 0.0005040773626759291 0.001214863339704608 -1.4995149278347497e-05 0.9999992619408332
2456058.5 0.2415008544921875 2456058.5 0.24069976806640625 0.7182573023425008 -0.6957770063308794 -0.0008972696973136267 0.6957764985303059 0.7182578625029508 -0.0008408600370546284 0.001229522094208637 -2.0345306377482465e-05 0.9999992439304585
2456129.5 0.8595657348632812 2456129.5 0.8587646484375 -0.35833779993636766 -0.933591901849066 0.0004265426231982701 0.9335911603590354 -0.3583380530300578 -0.0011768815129421125 0.0012515735030521743 -2.3504709604906052e-05 0.9999992165053405
2456200.5 0.477630615234375 2456200.5 0.47682952880859375 -0.9998124829771553 -0.019323506017181583 0.0012653055992001394 0.01932346270848839 -0.9998132833843559 -4.644509816475596e-05 0.0012659668277570971 -2.1986303362829214e-05 0.9999991984219755
2456271.5 0.09569549560546875 2456271.5 0.0948944091796875 -0.3941438887647224 0.9190485898819396 0.000533278012538004 -0.919047849084962 -0.3941442483841038 0.0011672866129969074 0.0012829815770967728 -3.0029125443521984e-05 0.999999176527923
2456342.5 0.7137603759765625 2456342.5 0.7129592895507812 0.6908362281331165 0.7230107403363086 -0.0008804868847001173 -0.7230100991308723 0.6908367886284165 0.0009633443516949257 0.0013047810447757576 -2.891226853349607e-05 0.9999991483548903
2456413.5 0.33182525634765625 2456413.5 0.331024169921875 0.9298335079313644 -0.36797841867281567 -0.0012373031582721228 0.36797813867137497 0.9298343305974505 -0.0004550849849809675 0.001317948407055449 -3.2147245167213566e-05 0.9999991309888979
2456484.5 0.94989013671875 2456484.5 0.9490890502929688 0.02617699335114964 -0.9996573212411676 -7.147046356471585e-05 0.999656427044461 0.02617706556562794 -0.0013375750727833405 0.001338987601230633 -3.643221446506452e-05 0.9999991028920462
2456555.5 0.5679550170898438 2456555.5 0.5671539306640625 -0.9163241979764674 -0.4004353348256873 0.0012275283400043201 0.40043492630945876 -0.91632501957676 -0.0005729652578940359 0.0013542504650761115 -3.347671004137865e-05 0.9999990824420729
2456626.5 0.1860198974609375 2456626.5 0.18521881103515625 -0.7158234850943421 0.6982805466426135 0.001008150722783489 -0.6982799324209348 -0.7158241938850239 0.0009270528963645516 0.0013690016816934934 -4.0365183438669566e-05 0.9999990621020838
2456697.5 0.8040847778320312 2456697.5 0.80328369140625 0.36159518625126696 0.9323350815589652 -0.00046580505752526224 -0.9323341595498773 0.3615954840560993 0.0013118104501101558 0.001391479908247321 -4.0058377217781935e-05 0.9999990310890263
2456768.5 0.422149658203125 2456768.5 0.42134857177734375 0.9998736727493932 0.015832562533543378 -0.0014030346612807123 -0.01583248970403168 0.999874656294811 6.300083344240924e-05 0.0014038562643552406 -4.077934289692989e-05 0.9999990137618309
2456839.5 0.04021453857421875 2456839.5 0.0394134521484375 0.39093255295153234 -0.9204191331803976 -0.000598596893627349 0.9204182271058148 0.390933008559752 -0.0012922963325483663 0.001423465554758975 -4.5758787136299335e-05 0.9999989858254597
2456910.5 0.6582794189453125 2456910.5 0.6574783325195312 -0.6933562777229614 -0.7205942922604143 0.0009685576260392416 0.7205935041919749 -0.6933569529726703 -0.0010665274407275441 0.0014400897506987283 -4.154716263844879e-05 0.9999989622071331
2456981.5 0.27634429931640625 2456981.5 0.275543212890625 -0.9285428699469626 0.37122267067317355 0.0013665463522613175 -0.3712223419785877 -0.9285438743595367 0.0004961908048535072 0.001453095520164147 -4.655810333450517e-05 0.9999989431723177
2457052.5 0.8944091796875 2457052.5 0.8936080932617188 -0.022686531613135934 0.999742624270671 8.062107333442784e-05 -0.999741538378527 -0.022686625858832535 0.0014742617399331553 0.0014757113208720342 -4.715435031776826e-05 0.9999989100256883
2457123.5 0.5124740600585938 2457123.5 0.5116729736328125 0.9177165559632968 0.3972335665579401 -0.001347779850598447 -0.3972330652890222 0.9177175445380173 0.00063268333102943 0.0014882042711579415 -4.524124618531946e-05 0.9999988916000242
2457194.5 0.1305389404296875 2457194.5 0.12973785400390625 0.7133809389457089 -0.7007755733197003 -0.0011098591719275145 0.7007748328614766 0.7133818005274535 -0.0010199530287314782 0.0015065115028723647 -5.014632639603855e-05 0.9999988639535735
2457265.5 0.7486038208007812 2457265.5 0.747802734375 -0.36484814660050363 -0.9310668964999366 0.0005139690221962481 0.9310657904354851 -0.36484850580343464 -0.001435859932216665 0.0015244024806774727 -4.5331861142387565e-05 0.9999988370703734
2457336.5 0.366668701171875 2457336.5 0.36586761474609375 -0.9999226625118958 -0.01234142743468232 0.0015356314648466854 0.012341339270381646 -0.9999238405362144 -6.687540832112797e-05 0.0015363398499790505 -4.7918487448856335e-05 0.9999988186811442
2457407.5 0.9847335815429688 2457407.5 0.9839324951171875 -0.4035148965220949 0.9149728268054125 0.0006741605693826091 -0.9149717476426514 -0.40351545666029986 0.001406147923664233 0.001558621350640756 -4.9436240453385514e-05 0.9999987841270325
2457478.5 0.6027984619140625 2457478.5 0.6019973754882812 0.6958678560386529 0.7181690607464751 -0.0010616584652839356 -0.7181681245576219 0.6958686644426683 0.0011604810046908906 0.0015721964114867074 -4.50921597799682e-05 0.9999987630818055
2457549.5 0.22086334228515625 2457549.5 0.220062255859375 0.9272409004533347 -0.37446239645037177 -0.0014920359015734113 0.3744619967507491 0.9272420995676139 -0.0005493440511570515 0.0015891871918795525 -4.933647027910879e-05 0.999998736024192
2457620.5 0.83892822265625 2457620.5 0.8381271362304688 0.019195813848197334 -0.999815740550914 -7.534807657621017e-05 0.9998144496794545 0.019195910189622745 -0.0016072473865985258 0.0016083976109937837 -4.4481674081058065e-05 0.999998705538415
2457691.5 0.45699310302734375 2457691.5 0.4561920166015625 -0.9190977055232691 -0.39402695650643416 0.0014714782161848391 0.39402637382652045 -0.9190988823735582 -0.0006790793750938318 0.0016200095633293764 -4.433906983452827e-05 0.9999986868006687
2457762.5 0.0750579833984375 2457762.5 0.07425689697265625 -0.7109297010258796 0.7032620574725417 0.0011994660221058898 -0.7032611655741412 -0.7109307113561817 0.0011210021839825114 0.0016410955346844037 -4.6584125270368135e-05 0.9999986523167745
2457833.5 0.6931228637695312 2457833.5 0.69232177734375 0.3680966370667091 0.9297873617814976 -0.0005724085812603879 -0.9297860613234328 0.36809707991153207 0.0015556121813616874 0.0016570904733440347 -4.0398092307068525e-05 0.9999986262086349
2457904.5 0.311187744140625 2457904.5 0.31038665771484375 0.9999594382609198 0.008850142083660724 -0.0016723689797213505 -0.008850056979480287 0.9999608357804174 5.828197789513715e-05 0.0016728192864830342 -4.3479053121213755e-05 0.9999985998916231
2457975.5 0.9292526245117188 2457975.5 0.9284515380859375 0.40031775713569023 -0.9163761149080029 -0.000713686179658083 0.9163748283646425 0.40031839140557135 -0.0015360475674556394 0.001693299005590339 -3.909693333845239e-05 0.9999985656039249
2458046.5 0.5473175048828125 2458046.5 0.5465164184570312 -0.6983709227707235 -0.7157350745424427 0.0011650313706533697 0.7157339910681854 -0.6983718935894241 -0.0012459028557803133 0.0017053615377711803 -3.6249774442306445e-05 0.9999985452129313
2458117.5 0.16538238525390625 2458117.5 0.164581298828125 -0.9259276185586256 0.37769755818721534 0.001612367751287629 -0.37769705853524843 -0.9259290215880704 0.0006155930322258449 0.0017254460795010176 -3.8991966613959684e-05 0.9999985106566175
2458188.5 0.783447265625 2458188.5 0.7826461791992188 -0.01570488058949795 0.9998766690109875 5.910297525512798e-05 -0.9998751499606726 -0.01570495977078874 0.0017431952616519337 0.0017439084815073275 -3.1718922823578435e-05 0.999998478887402
2458259.5 0.40151214599609375 2458259.5 0.4007110595703125 0.9204676167060467 0.39081554256799717 -0.0016057032023648948 -0.3908148845406893 0.920469016630987 0.0007179441688286589 0.0017585837875586834 -3.3311646376603094e-05 0.9999984531355017
2458330.5 0.0195770263671875 2458330.5 0.01877593994140625 0.7084697953953388 -0.7057399696612818 -0.001282277262106328 0.7057388897522444 0.708470955171749 -0.0012349774498996192 0.0017800291447063504 -3.000871007085573e-05 0.999998415296605
2458401.5 0.6376419067382812 2458401.5 0.6368408203125 -0.3713406120050041 -0.9284964923554133 0.000643085876508919 0.9284949831314906 -0.3713411680344609 -0.0016742826682360548 0.001793369845200267 -2.462714063657452e-05 0.9999983916077576
2458472.5 0.255706787109375 2458472.5 0.25490570068359375 -0.9999839997689242 -0.005358747325620659 0.0018121901787613605 0.005358688513861109 -0.999985641429701 -3.7307376436402104e-05 0.0018123640791073284 -2.759581681961485e-05 0.9999983572861086
2458543.5 0.8737716674804688 2458543.5 0.8729705810546875 -0.39711574341449507 0.9177682327238978 0.0007465488627612933 -0.9177667051824572 -0.39711644463156287 0.0016745930028430563 0.0018333550908769178 -2.015044479911918e-05 0.9999983192001225
2458614.5 0.4918365478515625 2458614.5 0.49103546142578125 0.700865441091102 0.7132923621310825 -0.00128047242784491 -0.7132911190796917 0.7008666105063359 0.0013318105716819506 0.0018474106789389873 -2.007039276910307e-05 0.9999982933340249
2458685.5 0.10990142822265625 2458685.5 0.109100341796875 0.9246030269548938 -0.38092811745984745 -0.0017354752497900684 0.3809274826993043 0.9246046555193947 -0.0006956408805057402 0.0018696176665360836 -1.7898554406017304e-05 0.9999982521031839
2458756.5 0.72796630859375 2458756.5 0.7271652221679688 0.012213773580480033 -0.9999254085105564 -3.391049303340538e-05 0.9999236329602149 0.012213815798286426 -0.0018843967976253 0.001884670414179341 -1.0892307573195191e-05 0.9999982239478165
2458827.5 0.34603118896484375 2458827.5 0.3452301025390625 -0.921826272545845 -0.3875993622985858 0.0017485965700391353 0.3875986366132787 -0.9218279308831491 -0.0007501594614881279 0.0019026664870059366 -1.376305367040631e-05 0.9999981898337704
2458898.5 0.9640960693359375 2458898.5 0.9632949829101562 -0.71807890587849 0.6959603140099997 0.0013878960518198297 -0.6959590331827963 -0.7180802470981275 0.0013352373431242915 0.0019258929404382976 -7.113023949694771e-06 0.9999981454411736
2458969.5 0.5821609497070312 2458969.5 0.58135986328125 0.37458003611647644 0.9271943030197409 -0.000721796867398004 -0.927192554535497 0.3745807315121682 0.001800664806740286 0.0019399373490532118 -5.248407009716293e-06 0.9999981183059976
2459040.5 0.200225830078125 2459040.5 0.19942474365234375 0.9999963308851154 0.001867284585901731 -0.001962514861584937 -0.0018672723765887304 0.9999982566129868 8.053517355854059e-06 0.0019625264783731744 -4.388938022617297e-06 0.9999980742334252
2459111.5 0.8182907104492188 2459111.5 0.8174896240234375 0.3939088884641382 -0.9191491632955283 -0.0007766608498205568 0.9191473597403576 0.3939096541108057 -0.0018208461321639958 0.001979563405584995 3.3817064529163552e-06 0.9999980406567243
2459182.5 0.4363555908203125 2459182.5 0.43555450439453125 -0.7033513820113302 -0.7108409521218083 0.0014050655910988205 0.7108395364133616 -0.7033527854396271 -0.0014186916339678386 0.0019967209090840142 9.374520021155106e-07 0.9999980065503793
2459253.5 0.05442047119140625 2459253.5 0.053619384765625 -0.9232671351581578 0.3841540357345739 0.0018638577428691538 -0.3841532403318638 -0.9232690164819791 0.0007817588694227199 0.0020211579297835 5.765280309833269e-06 0.999997957441606
2459324.5 0.6724853515625 2459324.5 0.6716842651367188 -0.008722521296572834 0.9999619580538951 8.200667988467023e-06 -0.9999598845478518 -0.008722519910195663 0.0020364040520470133 0.0020363981137659646 9.562238691751264e-06 0.9999979264934932
2459395.5 0.29055023193359375 2459395.5 0.2897491455078125 0.9231736448524137 0.38437845391372927 -0.0019041052498810851 -0.3843776564298009 0.9231756084763334 0.0007830401546161063 0.0020588072866479985 9.013479936515146e-06 0.999997880613411
2459466.5 0.9086151123046875 2459466.5 0.9078140258789062 0.7156444159298183 -0.6984632367001479 -0.0014754412287292548 0.6984617040948996 0.7156459366900462 -0.0014632880364972452 0.0020779464183638707 1.665471730030764e-05 0.9999978409283204
2459537.5 0.5266799926757812 2459537.5 0.52587890625 -0.3778148740364725 -0.9258808091526219 0.0008051084972050482 0.9258787902785691 -0.3778157315687513 -0.0019335696161500112 0.00209443765661998 1.4901520462979692e-05 0.999997806552018
2459608.5 0.144744873046875 2459608.5 0.14394378662109375 -0.9999964343167471 0.00162420434325882 0.0021197438625968276 -0.0016241635695371046 -0.9999986808258927 2.0956479554338714e-05 0.0021197751038930625 1.75135940660133e-05 0.9999977531208672
2459679.5 0.7628097534179688 2459679.5 0.7620086669921875 -0.39069721156082415 0.9205188898779361 0.0008137914274171673 -0.920516770147239 -0.39069805842889066 0.001975605626710005 0.0021365290289960008 2.275495315412148e-05 0.9999977173603549
2459750.5 0.3808746337890625 2459750.5 0.38007354736328125 0.7058287128907813 0.7083808739215889 -0.0015380250425470808 -0.7083792561600107 0.7058303882861771 0.0015140719836048786 0.002158124447903428 2.0829556177452865e-05 0.9999976710297864
2459821.5 0.9989395141601562 2459821.5 0.998138427734375 0.9284469068753618 -0.3714596724727217 -0.002013166667102033 0.3714587348730155 0.9284490890568303 -0.0008350545386959598 0.0021793118436336588 2.7495460268584863e-05 0.9999976249191235
2459892.5 0.61700439453125 2459892.5 0.6162033081054688 0.005231160207817958 -0.9999863172735328 1.5119419000532077e-05 0.9999839074182495 0.005231114405735388 -0.002195528775348794 0.0021954196431209104 2.660433844899658e-05 0.999997589709495
2459963.5 0.23506927490234375 2459963.5 0.2342681884765625 -0.9245097306865916 -0.38115285653629694 0.002063448576725436 0.3811519715474174 -0.9245120330421294 -0.0008217942708755044 0.0022209122725780233 2.673069315307331e-05 0.9999975334140316
2460034.5 0.8531341552734375 2460034.5 0.8523330688476562 -0.7132011630322237 0.7009576468564371 0.0015742817306148528 -0.7009558367971839 -0.713202899765996 0.0015933064165494365 0.002239622611791239 3.284602150644946e-05 0.9999974915027015
2460105.5 0.47119903564453125 2460105.5 0.47039794921875 0.38104509363072886 0.9245560269024663 -0.000888672198856184 -0.924553691930246 0.38104612874531507 0.0020781016238141633 0.002259946481913261 2.9774734542009743e-05 0.9999974458744202
2460176.5 0.089263916015625 2460176.5 0.08846282958984375 0.9999843095964424 -0.00511567648216956 -0.002282633360031553 0.005115583858729494 0.9999869142381368 -4.641415286257785e-05 0.0022828409298275626 3.473642222819278e-05 0.9999973937119386
2460247.5 0.7073287963867188 2460247.5 0.7065277099609375 0.38748074727250964 -0.9218773958970179 -0.000858735854876668 0.9218749293077522 0.38748169727624115 -0.0021328360818178155 0.0022989577995433212 3.478586327829035e-05 0.9999973567879965
2460318.5 0.3253936767578125 2460318.5 0.32459259033203125 -0.7082974230412982 -0.7059121581455976 0.0016689803125387267 0.7059103056958101 -0.7082993886263242 -0.0016175240401712098 0.0023239676210525372 3.246229325822255e-05 0.9999972990567004
2460389.5 0.9434585571289062 2460389.5 0.942657470703125 -0.9271439689864123 0.3746990765724044 0.002159348954701357 -0.3746979627120221 -0.9271464827718041 0.0009144524780839111 0.002344677287538063 3.872544586352914e-05 0.9999972504905986
2460460.5 0.5615234375 2460460.5 0.5607223510742188 -0.0017397203054359284 0.9999984862100036 -3.0837648861864496e-05 -0.9999956935014668 -0.0017396425588092797 0.0023636036656103244 0.002363546441126707 3.49495253450166e-05 0.9999972062094733
2460531.5 0.17958831787109375 2460531.5 0.1787872314453125 0.9258345157024958 0.3779226105853505 -0.0022248465745638565 -0.3779216169727146 0.9258371881630445 0.0008674324607818744 0.002387668036775883 3.771870273711326e-05 0.999997148805258
2460602.5 0.7976531982421875 2460602.5 0.7968521118164062 0.7107491792486842 -0.7034435135438454 -0.001681502425954501 0.7034414153045105 0.7107511672594475 -0.0017185673458931048 0.002404044864055861 3.863188421986954e-05 0.9999971095337571
2460673.5 0.41571807861328125 2460673.5 0.4149169921875 -0.38427067353218464 -0.9232199732912183 0.0009645617062703565 0.9232172842668419 -0.38427188259115336 -0.002228515381679554 0.002428063853899453 3.4146932270331443e-05 0.9999970516656077
2460744.5 0.033782958984375 2460744.5 0.03298187255859375 -0.9999599572603011 0.008607087946221288 0.0024498802140212423 -0.008606965291260125 -0.9999629575517119 6.0604524085108926e-05 0.002450311092931182 3.951606333843746e-05 0.9999969972025058
2460815.5 0.6518478393554688 2460815.5 0.6510467529296875 -0.38425952294483284 0.9232246646393766 0.000915220038106077 -0.9232218194851667 -0.3842606111914007 0.002292316145520373 0.002468005815915074 3.589319970114078e-05 0.9999969538248459
2460886.5 0.2699127197265625 2460886.5 0.26911163330078125 0.7107574842748214 0.7034348361937416 -0.0017971578710813166 -0.703432715173524 0.7107597554192322 0.0017278020704256808 0.0024927436552869406 3.613138794396553e-05 0.9999968924569675
2460957.5 0.8879776000976562 2460957.5 0.887176513671875 0.9258296951774805 -0.37793391384107866 -0.002309176549378903 0.3779326362531296 0.9258325741420909 -0.0009834186247402576 0.002509578118654657 3.776498468875325e-05 0.9999968502907758
2461028.5 0.50604248046875 2461028.5 0.5052413940429688 -0.001751765611416955 -0.9999984650088124 3.601752175988956e-05 0.9999952597471912 -0.001751851196432925 -0.0025320941003372515 0.0025321533109360483 3.158171565214837e-05 0.999996793595962
2461099.5 0.12410736083984375 2461099.5 0.1233062744140625 -0.9271479957537124 -0.374687757286109 0.0023829623961802737 0.3746866180165202 -0.9271510574200678 -0.0009246643663926715 0.0025558265230991896 3.556340703380252e-05 0.999996733237678
2461170.5 0.7421722412109375 2461170.5 0.7413711547851562 -0.7082884862935125 0.7059208054281082 0.001799068584853166 -0.7059184110380794 -0.7082907703825435 0.0018388986863998097 0.0025723805157430654 3.247513026346507e-05 0.9999966908964489
2461241.5 0.36023712158203125 2461241.5 0.35943603515625 0.38749157357704794 0.9218726654024336 -0.001034016729830709 -0.9218695874502235 0.3874929520388852 0.002382405201237935 0.0025969484280358736 3.0066635814095082e-05 0.9999966274717428
2461312.5 0.978302001953125 2461312.5 0.9775009155273438 0.9999835589905345 0.005103468173307118 -0.0026146436139308535 -0.005103534820656078 0.9999869767042934 -1.8818649791617775e-05 0.0026145135222759653 3.216226511558876e-05 0.9999965816364728
2461383.5 0.5963668823242188 2461383.5 0.5955657958984375 0.3810335792088636 -0.9245606789042735 -0.000981090897709945 0.9245574438082251 0.38103484145581523 -0.0024459549350009458 0.0026352635699387252 2.4916070931117808e-05 0.9999965273765237
2461454.5 0.2144317626953125 2461454.5 0.21363067626953125 -0.7132088843913537 -0.7009489398917221 0.0019159566577667123 0.700946511769886 -0.7132114573789723 -0.001845183185722968 0.002659861438101627 2.6982094570982515e-05 0.9999964621982903
2461525.5 0.8324966430664062 2461525.5 0.831695556640625 -0.9245040959551043 0.3811641431686037 0.0024642493334683414 -0.38116271722839973 -0.9245073798207379 0.0010429055845903885 0.0026757349080683045 2.4890512769430033e-05 0.9999964199051733
2461596.5 0.4505615234375 2461596.5 0.44976043701171875 0.005243248981078304 0.9999862534895271 -3.423597184916559e-05 -0.9999826109677982 0.005243322290967935 0.002699135672353597 0.002699278078893499 2.0083136149332226e-05 0.9999963567406236
2461667.5 0.06862640380859375 2461667.5 0.0678253173828125 0.9284501727471546 0.3714483379973562 -0.0025315854286367193 -0.371447023137057 0.9284536238784573 0.000988589690975257 0.0027176696630520788 2.2493601916521e-05 0.9999963068760006
2461738.5 0.6866912841796875 2461738.5 0.6858901977539062 0.7058191262066481 -0.7083894906249933 -0.001921107218088513 0.7083868097188156 0.7058217404948037 -0.0019489641574322505 0.002736584967080507 1.47291652516304e-05 0.9999962554358739
2461809.5 0.30475616455078125 2461809.5 0.303955078125 -0.39070776904255766 -0.9205141204032685 0.001092404680678868 0.9205106264630113 -0.39070929592744646 -0.002536265867694129 0.0027614812079675205 1.4631338091559946e-05 0.9999961869964614
2461880.5 0.922821044921875 2461880.5 0.9220199584960938 -0.9999948444753214 -0.0016119967228710574 0.002777136896751625 0.001612028808906085 -0.9999987006373283 9.315259826248365e-06 0.002777118272077634 1.3792036479344821e-05 0.9999961437045056
2461951.5 0.5408859252929688 2461951.5 0.5400848388671875 -0.3778029675758215 0.9258854213291204 0.0010508382831615345 -0.9258817869727064 -0.37780442892981997 0.0025942307610890996 0.0027989717987257226 7.156052677296685e-06 0.9999960828451583
2462022.5 0.1589508056640625 2462022.5 0.15814971923828125 0.7156516027679631 0.6984545005944929 -0.0020233771140349918 -0.6984517448673215 0.7156544630731425 0.0019620334562167868 0.002818429959953119 9.098888190676594e-06 0.9999960281769978
2462093.5 0.7770156860351562 2462093.5 0.776214599609375 0.9231672075751421 -0.38438972329115495 -0.0026167701583658365 0.3843881729479563 0.9231709162577508 -0.0010917296178835532 0.002835375750463887 1.993482564003985e-06 0.9999959803121108
2462164.5 0.39508056640625 2462164.5 0.39427947998046875 -0.008734691534956667 -0.9999618515491387 2.4702381203161663e-05 0.9999577619649245 -0.008734726460556716 -0.002859867087610472 0.0028599737566564836 -2.787190238363057e-07 0.9999959102666539
2462235.5 0.01314544677734375 2462235.5 0.0123443603515625 -0.9297410264114278 -0.36820439327775184 0.0026736825521250706 0.36820287136641955 -0.9297448707957086 -0.0010586531978708153 0.00287564339739018 1.8428200690479014e-07 0.9999958653289606
2462306.5 0.6312103271484375 2462306.5 0.6304092407226562 -0.7033411445514373 0.7108495376915911 0.0020418483593890075 -0.7108465732111016 -0.7033441083191507 0.00205296049041047 0.002895468029167107 -7.509328249891746e-06 0.9999958080954651
2462377.5 0.24927520751953125 2462377.5 0.24847412109375 0.3939192162395919 0.9191443549415192 -0.0011427407078978408 -0.9191404402474753 0.3939208737022014 0.0026826038412685873 0.0029158495953189876 -6.3900052937027666e-06 0.9999957488811165
2462448.5 0.867340087890625 2462448.5 0.8665390014648438 0.9999939382480487 -0.0018794909943739774 -0.002931037488588916 0.00187951827923167 0.9999982336824784 6.554491154042704e-06 0.0029310199923412877 -1.2063389964951149e-05 0.999995704478914
2462519.5 0.48540496826171875 2462519.5 0.4846038818359375 0.37456773409581856 -0.9271988750483491 -0.0011219106018029693 0.9271948455911142 0.37456941391788295 -0.002733581256352496 0.0029548068623312246 -1.6318390052679255e-05 0.9999956344155292
2462590.5 0.1034698486328125 2462590.5 0.10266876220703125 -0.7180856030565871 -0.6959515489924556 0.0021232375896654376 0.6959484466039702 -0.7180887418992904 -0.002078082532645747 0.0029709177670474503 -1.457724636304144e-05 0.9999955867078242
2462661.5 0.7215347290039062 2462661.5 0.720733642578125 -0.921819057410214 0.3876106139976202 0.0027635686585570436 -0.38760894528856366 -0.9218231996478131 0.001137595427825952 0.0029884657655403113 -2.252678798888163e-05 0.9999955342724846
2462732.5 0.339599609375 2462732.5 0.33879852294921875 0.012226032669349282 0.99992525916614 -1.4376920781934602e-05 -0.9999207302719243 0.012226020566578694 0.0030095836201039536 0.003009534453846119 -2.2419486538970733e-05 0.9999954710896134
2462803.5 0.9576644897460938 2462803.5 0.9568634033203125 0.9246051093940346 0.3809168320222326 -0.002785455904121051 -0.38091501843656606 0.9246093047353117 0.001175723756899816 0.0030233114156941274 -2.6058205798677118e-05 0.9999954294440818
2462874.5 0.5757293701171875 2462874.5 0.5749282836914062 0.7008545844638178 -0.7133009161895777 -0.002157405653848105 0.7132976759299221 0.7008579042487523 -0.0021502476650462525 0.0030458084346847245 -3.186150515333587e-05 0.9999953610071517
2462945.5 0.19379425048828125 2462945.5 0.1929931640625 -0.39712586525972055 -0.9177633856022505 0.00118961742381885 0.9177590461809699 -0.39712764598178674 -0.002822401452396778 0.003062726679622813 -2.9066466694820934e-05 0.9999953094192124
2463016.5 0.811859130859375 2463016.5 0.8110580444335938 -0.9999808384701414 0.005370952270764144 0.003078240448398377 -0.005371038694939504 -0.999985575671425 -1.9809769799214844e-05 0.00307808964952097 -3.634273878001799e-05 0.9999952620104332
2463087.5 0.42992401123046875 2463087.5 0.4291229248046875 -0.37132794516428846 0.9285010240748017 0.0011855092193905218 -0.9284966076895479 -0.37132983573153117 0.002864018958986908 0.0030994594800858315 -3.7251013642252156e-05 0.9999951959701072
2463158.5 0.0479888916015625 2463158.5 0.04718780517578125 0.7205108581096337 0.6934401153669723 -0.002215794657112039 -0.6934366718440246 0.7205142642122705 0.002185682623450259 0.003112151667577835 -3.829479006552072e-05 0.9999951565110238
2463229.5 0.6660537719726562 2463229.5 0.665252685546875 0.9204596736072586 -0.3908267762368571 -0.0029017648290209225 0.3908249885726031 0.9204642464165798 -0.0011829522326012043 0.0031333001841349407 -4.522238023510859e-05 0.999995090180393
2463300.5 0.28411865234375 2463300.5 0.28331756591796875 -0.015717215891634568 -0.9998764769028036 7.81365964300986e-06 0.9998715110407491 -0.015717162460577874 -0.003151541412861638 0.003151274933265739 -4.172080110897757e-05 0.9999950338505037
2463371.5 0.9021835327148438 2463371.5 0.9013824462890625 -0.9259290512499139 -0.3776862577463947 0.00291251797604257 0.37768422767851445 -0.9259336306991873 -0.0012392348863594297 0.0031648403307339558 -4.7431480226805005e-05 0.9999949907554218
2463442.5 0.5202484130859375 2463442.5 0.5194473266601562 -0.6983595024739087 0.7157435970082613 0.002260231419003714 -0.7157400747306061 -0.6983631583342882 0.0022459977709576792 0.003186020875801949 -4.922431886833172e-05 0.9999949234110868
2463513.5 0.13831329345703125 2463513.5 0.13751220703125 0.4003276672854899 0.9163712290751739 -0.0012366604284664152 -0.9163664800499214 0.40032957450333306 0.002950596362671905 0.003198913358501801 -4.7971195124332055e-05 0.9999948823129492
2463584.5 0.756378173828125 2463584.5 0.7555770874023438 0.9999555494818991 -0.00886234528831171 -0.0032183685842301682 0.008862476204928358 0.9999607271376096 2.641854707977121e-05 0.003218008059399742 -5.494008776378903e-05 0.9999948206894456
2463655.5 0.37444305419921875 2463655.5 0.3736419677734375 0.3680836511279073 -0.929791853261924 -0.001239104557145727 0.9297870437814973 0.3680857332073478 -0.0029910241180414196 0.0032371265673047343 -5.115628515007036e-05 0.9999947591835778
2463726.5 0.9925079345703125 2463726.5 0.9917068481445312 -0.7109356655111412 -0.703253381386257 0.002271799513527833 0.7032495434832643 -0.7109392931820766 -0.0023240052382780957 0.0032494760825796465 -5.4576239958397533e-05 0.9999947189493666
2463797.5 0.6105728149414062 2463797.5 0.609771728515625 -0.9190890871401945 0.3940381721454852 0.0030280013287505613 -0.39403623751464667 -0.919094073332324 0.0012360787593937042 0.0032700802902787384 -5.707575217123991e-05 0.9999946516443244
2463868.5 0.2286376953125 2463868.5 0.22783660888671875 0.0192081840947586 0.9998155057701168 -9.242714795656483e-06 -0.9998101128235223 0.019208110848586417 0.0032843223720339593 0.003283893968599919 -5.384490903167359e-05 0.9999946065560198
2463939.5 0.8467025756835938 2463939.5 0.8459014892578125 0.927241692441867 0.37445108119330145 -0.003038353289374499 -0.37444885812255974 0.9272466684724742 0.0012916878131272581 0.0033009768634069407 -5.9998874177126896e-05 0.9999945499610896
2464010.5 0.4647674560546875 2464010.5 0.46396636962890625 0.695855929217728 -0.7181775516034741 -0.002351626111738651 0.7181737220107948 0.695859900550266 -0.0023460220243152917 0.003321262665678789 -5.63827417556467e-05 0.9999944830024273
2464081.5 0.08283233642578125 2464081.5 0.08203125 -0.4035245543424835 -0.9149679024944063 0.001292844804616905 0.9149627451462348 -0.40352662137742756 -0.0030725940478343676 0.0033330222271385685 -5.696231235309545e-05 0.9999944438436288
2464152.5 0.700897216796875 2464152.5 0.7000961303710938 -0.9999180680224835 0.012353628871659809 0.0033533708241976984 -0.012353760789540655 -0.9999236892120169 -1.8627519543762832e-05 0.003352884808366802 -6.0052734360659556e-05 0.9999943772627579
2464223.5 0.31896209716796875 2464223.5 0.3181610107421875 -0.36483490232607163 0.931071347857247 0.0012803296501252394 -0.9310661358723168 -0.3648371446836514 0.0031158451300846287 0.003368185938790184 -5.5302526293038406e-05 0.9999943261164596
2464294.5 0.9370269775390625 2464294.5 0.9362258911132812 0.7133864108414908 0.700766868183971 -0.0023717677641332336 -0.7007627136508283 0.7133903509769605 0.0024137708452487763 0.0033834868734319502 -5.990490534807651e-05 0.9999942741975973
2464365.5 0.5550918579101562 2464365.5 0.554290771484375 0.9177073019441025 -0.3972447639589428 -0.003147294977811313 0.3972426395713671 0.9177126970215588 -0.0013003967824568845 0.0034048883753120198 -5.685614181580676e-05 0.9999942017344555
2464436.5 0.17315673828125 2464436.5 0.17235565185546875 -0.022698878192250832 -0.999742347007269 2.300457962600204e-05 0.9997365081376194 -0.022698824255217943 -0.003417261217744199 0.00341690292707684 -5.456947803185298e-05 0.9999941608812318
2464507.5 0.7912216186523438 2464507.5 0.7904205322265625 -0.9285429980068514 -0.37121134074780726 0.003168809345083692 0.3712089656107364 -0.9285484032333892 -0.001329173776648427 0.0034357972372473324 -5.790456424092154e-05 0.9999940959547742
2464578.5 0.4092864990234375 2464578.5 0.40848541259765625 -0.6933438982359453 0.7206027516084675 0.0024316976139535005 -0.7205985816963055 -0.6933481604872965 0.0024520208314458823 0.003452946025639533 -5.218416990435864e-05 0.9999940372025007
2464649.5 0.02735137939453125 2464649.5 0.02655029296875 0.40671647940925826 0.9135534226825339 -0.0013598830712896694 -0.9135478584382914 0.4067187491558726 0.0031889540435331236 0.003466369823002514 -5.46818940862185e-05 0.999993990627014
2464720.5 0.645416259765625 2464720.5 0.6446151733398438 0.9998683745188902 -0.01584476180982776 -0.003489578791425458 0.01584484877609612 0.9998744625000878 -2.7246248995416275e-06 0.00348918388946313 -5.2567581978577384e-05 0.9999939113976819
2464791.5 0.26348114013671875 2464791.5 0.2626800537109375 0.3615817360115684 -0.932339492878924 -0.0013108017124978824 0.9323338363980688 0.3615841088122639 -0.003248039670610716 0.0035022407283933 -4.767296664209603e-05 0.9999938659997715
2464862.5 0.8815460205078125 2464862.5 0.8807449340820312 -0.715828404113509 -0.6982718127088422 0.002484238438136849 0.6982673590908317 -0.7158327129870411 -0.0024944430090761277 0.0035200983825270163 -5.093054479496775e-05 0.999993803137528
2464933.5 0.49961090087890625 2464933.5 0.498809814453125 -0.9163143321262996 0.40044651405332 0.003261000226279736 -0.40044415217431734 -0.9163201336678061 0.0013760902617681791 0.003539170711585521 -4.4917241701031494e-05 0.9999937361069396
2465004.5 0.11767578125 2465004.5 0.11687469482421875 0.02618925646888197 0.9996570014478526 -4.797807138796095e-05 -0.9996506922111377 0.02618926165071153 0.003551920041827106 0.0035519582486628312 -4.506083266422775e-05 0.9999936907611572
2465075.5 0.7357406616210938 2465075.5 0.7349395751953125 0.9298329355439964 0.36796707453611377 -0.0033081769860004656 -0.3679645764401015 0.9298388194254271 0.0013566041364790008 0.003575257038519149 -4.41232631566441e-05 0.9999936077746929
2465146.5 0.3538055419921875 2465146.5 0.35300445556640625 0.6908234199319501 -0.7230191681208779 -0.0025069908886300608 0.7230146017448541 0.6908279678357148 -0.0025699260124641544 0.0035900051886413337 -3.722594202399066e-05 0.9999935552177199
2465217.5 0.9718704223632812 2465217.5 0.9710693359375 -0.3941530294219259 -0.919043781030402 0.0013848995858047714 0.919037746527677 -0.39415546037972016 -0.0033306921470129106 0.0036069176380639167 -4.002740531763301e-05 0.999993494250317
2465288.5 0.589935302734375 2465288.5 0.5891342163085938 -0.9998064664595356 0.019335703133754406 0.0036277003763810554 -0.019335700922239858 -0.9998130472225397 3.568507749904234e-05 0.0036277121637870637 -3.4465958279288233e-05 0.999993419236624
2465359.5 0.20800018310546875 2465359.5 0.2071990966796875 -0.35832417924207854 0.9335962730270868 0.0013347510711716757 -0.9335901282283884 -0.35832666373760513 0.0033874074422808173 0.003640747861593069 -3.2320432180051074e-05 0.9999933719332332
2465430.5 0.8260650634765625 2465430.5 0.8252639770507812 0.7182616120261197 0.6957682439930926 -0.0026090880420687923 -0.6957634880651188 0.718266350031545 0.0025727587952538633 0.003664064014081607 -3.260568282039708e-05 0.9999932867633514
2465501.5 0.44412994384765625 2465501.5 0.443328857421875 0.9149101649605085 -0.40364338419402185 -0.003377639461318628 0.4036407323832314 0.914916399347394 -0.0014633408115311503 0.0036809255716413088 -2.4527482627556217e-05 0.9999932250697195
2465572.5 0.06219482421875 2465572.5 0.06139373779296875 -0.02967927643431225 -0.99955946977113 8.33138260965992e-05 0.9995526365449204 -0.02967938161085553 -0.003696090271493812 0.0036969347348411057 -2.6420730364203843e-05 0.9999931659644037
2465643.5 0.6802597045898438 2465643.5 0.6794586181640625 -0.9311114915616125 -0.3647183205184152 0.003454990613168333 0.36471572161950144 -0.9311179013372705 -0.0013770304430772368 0.003719231839377467 -2.2079475114882346e-05 0.999993083389591
2465714.5 0.2983245849609375 2465714.5 0.29752349853515625 -0.6882945065627588 0.7254267721627241 0.0025827243555745774 -0.7254217630871315 -0.6882993519575835 0.0026958735746982596 0.003733346365681532 -1.800948374218199e-05 0.9999930308760018
2465785.5 0.9163894653320312 2465785.5 0.91558837890625 0.3973591431877144 0.9176619946215218 -0.0014747719749077007 -0.9176554923104377 0.3973618794646498 0.0034545883701986697 0.003756162618126281 -1.9379672174389115e-05 0.9999929454085236
2465856.5 0.534454345703125 2465856.5 0.5336532592773438 0.9997323176958748 -0.02282641122747011 -0.0037746397058589422 0.022826290148618943 0.9997394434696528 -7.516009682057709e-05 0.003775371834114136 -1.102104334547356e-05 0.9999928731976299
2465927.5 0.15251922607421875 2465927.5 0.1517181396484375 0.35506225497078203 -0.9348416729589152 -0.00135705358711417 0.9348349720100476 0.35506484810397776 -0.0035395971345001972 0.0037908049325967364 -1.184381186801757e-05 0.99999281480303
2465998.5 0.7705841064453125 2465998.5 0.7697830200195312 -0.7206860152952727 -0.6932561912813391 0.002742372680005892 0.6932511237500761 -0.7206912328909693 -0.0026507080843864053 0.0038140237385826717 -9.175304897577009e-06 0.999992726542916
2466069.5 0.38864898681640625 2466069.5 0.387847900390625 -0.9134948048185071 0.40683533615231604 0.0035001182019404327 -0.40683236557736313 -0.9135015102580423 0.0015546945051775805 0.003829867925184668 -3.756014342014509e-06 0.9999926660218903
2466140.5 0.0067138671875 2466140.5 0.00591278076171875 0.033168920856650116 0.9994497525795488 -0.00012148203072432094 -0.9994423403309751 0.03316914273082077 0.0038491978703698486 0.0038511093139895363 -6.259454434311991e-06 0.9999925844314399
2466211.5 0.6247787475585938 2466211.5 0.6239776611328125 0.9323786368325473 0.3614651174548581 -0.003611985828960048 -0.36146241246410654 0.932385633126253 0.0013983974336988158 0.003873235586600824 1.7612185342164788e-06 0.9999924989933617
2466282.5 0.2428436279296875 2466282.5 0.24204254150390625 0.6857571648449744 -0.7278255346883369 -0.0026649426666975036 0.7278200268695765 0.6857623429812314 -0.0028315078074770935 0.003888361010978687 2.128123004625994e-06 0.9999924402934852
2466353.5 0.8609085083007812 2466353.5 0.860107421875 -0.40056038242284503 -0.9162690198134793 0.0015695105325710178 0.9162620128830237 -0.40056345729806025 -0.003583353872089328 0.003912004705218831 2.73328244854782e-06 0.9999923480765819
2466424.5 0.478973388671875 2466424.5 0.47817230224609375 -0.999645933201536 0.02631684416476862 0.003928351669224346 -0.026316606284057416 -0.9996536518391695 0.00011224215882865506 0.003929944951253569 8.821533376930516e-06 0.9999922776976133
2466495.5 0.09703826904296875 2466495.5 0.0962371826171875 -0.3517959784152455 0.9360756774913396 0.0013840447926093324 -0.9360683678756457 -0.35179870092869514 0.0036992820261584785 0.0039497130889372635 5.831989736078284e-06 0.9999921998358302
2466566.5 0.7151031494140625 2466566.5 0.7143020629882812 0.7231015881269579 0.6907356847954547 -0.002882186397266712 -0.6907302659417687 0.7231073320037485 0.0027360764667305336 0.0039740357679672106 1.235213834247261e-05 0.9999921034123919
2466637.5 0.33316802978515625 2466637.5 0.332366943359375 0.9120682489541486 -0.4100223312546585 -0.0036327843600117726 0.4100190180611358 0.9120754835421582 -0.0016483778458479578 0.003989245278907577 1.392241935179397e-05 0.9999920428324772
2466708.5 0.95123291015625 2466708.5 0.9504318237304688 -0.019463103557196725 -0.9998105717734969 9.038736027083274e-05 0.9998025230018281 -0.01946330955861343 -0.004011805105477786 0.004012804393527056 1.2287332621351756e-05 0.9999919485925476
2466779.5 0.5692977905273438 2466779.5 0.5684967041015625 -0.9336343808874981 -0.3582075049790762 0.003771763710169486 0.3582046611324619 -0.9336419993986532 -0.001427480949816726 0.004032811401063273 1.8318048856537742e-05 0.9999918680152616
2466850.5 0.1873626708984375 2466850.5 0.18656158447265625 -0.6832114108082805 0.7302154265343616 0.0027566270325781257 -0.7302093921773483 -0.6832169718448621 0.0029686628517405275 0.004051137784226479 1.5309385227638e-05 0.9999917939904686
2466921.5 0.8054275512695312 2466921.5 0.80462646484375 0.40375672577689625 0.9148648737145665 -0.0016641013049375904 -0.9148573024378619 0.4037601546199311 0.0037220582217656266 0.004077078125201044 1.960919004182025e-05 0.9999916884901796
2466992.5 0.423492431640625 2466992.5 0.42269134521484375 0.9995473049662096 -0.029806959049829045 -0.004090272238909521 0.02980661840087421 0.999555673635669 -0.00014422984604503742 0.0040927538762336535 2.2247370123427938e-05 0.9999916244003062
2467063.5 0.04155731201171875 2467063.5 0.0407562255859375 0.3485253831181346 -0.93729827156279 -0.0014168442970472505 0.9372903074180186 0.3485282625218934 -0.0038639155927915085 0.004115451687704265 1.86782355651245e-05 0.9999915313184055
2467134.5 0.6596221923828125 2467134.5 0.6588211059570312 -0.7255083403108582 -0.6882067559609581 0.0030181433168174347 0.6882009368303831 -0.7255146176925373 -0.0028302049805131527 0.004137473282987932 2.3751739964850763e-05 0.9999914403387096
2467205.5 0.27768707275390625 2467205.5 0.276885986328125 -0.9106305140915161 0.413204330167838 0.0037746968046692576 -0.4132006838242441 -0.9106383371471525 0.001736031407624431 0.004154719316378801 2.1175872279807822e-05 0.9999913688922442
2467276.5 0.895751953125 2467276.5 0.8949508666992188 0.022953719142095524 0.999736521624571 -0.00011877520656975697 -0.9997277840134345 0.022954015120750015 0.004179839880184342 0.0041814649506530695 2.28000033854382e-05 0.9999912573772963
2467347.5 0.5138168334960938 2467347.5 0.5130157470703125 0.934878708432425 0.35494552386470596 -0.003933904947007286 -0.35494249928526755 0.9348869848283399 0.001465537342233901 0.004197942454193771 2.6210396168577485e-05 0.99999118825726
2467418.5 0.1318817138671875 2467418.5 0.13108062744140625 0.6806572759222164 -0.732596418006201 -0.0028567566624953626 0.7325898362162415 0.6806632705576449 -0.0031054768447681316 0.004219550545762106 2.0934514106650287e-05 0.9999910974378411
2467489.5 0.7499465942382812 2467489.5 0.7491455078125 -0.40694817327704563 -0.9134495743705036 0.0017490994321694932 0.9134413950853796 -0.40695193140981845 -0.0038656521172635984 0.004242877673330403 2.457975781333397e-05 0.9999909986519301
2467560.5 0.368011474609375 2467560.5 0.36721038818359375 -0.9994364470593584 0.033296712045838145 0.004256437043166195 -0.03329631317893747 -0.9994455104956051 0.00016455658581944582 0.004259556086755255 2.274018865022793e-05 0.9999909277912613
2467631.5 0.9860763549804688 2467631.5 0.9852752685546875 -0.36134287136698917 0.9324317628837754 0.001528684961921447 -0.9324231649279675 -0.36134610431183434 0.004004298237512824 0.004286119220429219 2.154335257445389e-05 0.9999908143167676
2467702.5 0.6041412353515625 2467702.5 0.6033401489257812 0.7279062439685194 0.6856694369283617 -0.003150119678464592 -0.6856631663436411 0.7279130597958281 0.0029325242172719337 0.004303755482712182 2.531834475061218e-05 0.9999907384809754
2467773.5 0.22220611572265625 2467773.5 0.221405029296875 0.9091816248232307 -0.41638129272318225 -0.003923283568584299 0.41637732625479035 0.9091900894271304 -0.0018175446074201638 0.004323802111791145 1.891183693073866e-05 0.9999906521451288
2467844.5 0.84027099609375 2467844.5 0.8394699096679688 -0.026444101605752474 -0.9996502843979609 0.00013562205142880009 0.9996408376526843 -0.02644444131956264 -0.0043459429743173015 0.0043480095796366 2.064878350310617e-05 0.9999905471484835
2467915.5 0.45833587646484375 2467915.5 0.4575347900390625 -0.9361116273123538 -0.3516792156284034 0.004092738155530969 0.3516759463464635 -0.9361205739154125 -0.0015165268202368524 0.0043646273536638285 1.967917443420499e-05 0.9999904747750319
2467986.5 0.0764007568359375 2467986.5 0.07559967041015625 -0.6780947886341661 0.7349684789332253 0.002965232160234811 -0.734961351336767 -0.6781012717375646 0.003236867178838171 0.0043897230457942615 1.557172995199338e-05 0.9999903649981347
2468057.5 0.6944656372070312 2468057.5 0.69366455078125 0.41013468216363447 0.9120231399038754 -0.0018261342811570606 -0.9120143106201194 0.4101387471312798 0.004013144115375086 0.004409048723160724 1.95310112874017e-05 0.9999902799067081
2468128.5 0.312530517578125 2468128.5 0.31172943115234375 0.9993133721903927 -0.0367860587061038 -0.004423804509293915 0.03678564191817349 0.9993231638079325 -0.00017557212820252561 0.004427268924912946 1.271908689611975e-05 0.9999901995160209
2468199.5 0.9305953979492188 2468199.5 0.9297943115234375 0.3580848322629037 -0.933687714247008 -0.0015827720757138433 0.9336784421036236 0.35808833004557694 -0.004161085930628308 0.004451927020791212 1.2221591637290546e-05 0.9999900900491135
2468270.5 0.5486602783203125 2468270.5 0.5478591918945312 -0.7302952985855404 -0.6831237601345151 0.0032718807344464087 0.6831169788070345 -0.7303026278138206 -0.0030438583697789427 0.004468795073142271 1.2161825316540926e-05 0.9999900148114901
2468341.5 0.16672515869140625 2468341.5 0.165924072265625 -0.9077216125211299 0.41955317830908717 0.004074890523793423 -0.4195489213539803 -0.9077307588349834 0.0018899882482639567 0.004491854043860796 5.967256461384204e-06 0.9999899115549318
2468412.5 0.7847900390625 2468412.5 0.7839889526367188 0.029934196771387315 0.9995518610890429 -0.00014441981355551437 -0.9995416847578531 0.029934543694752486 0.0045103797200798795 0.004512681584645728 9.339029693526123e-06 0.9999898177570101
2468483.5 0.40285491943359375 2468483.5 0.4020538330078125 0.9373331323763047 0.3484086218075004 -0.004246316029736399 -0.3484050606928963 0.9373427506743812 0.0015752592681758252 0.0045290874581628065 2.8952899117736066e-06 0.9999897436266103
2468554.5 0.0209197998046875 2468554.5 0.02011871337890625 0.6755240057179045 -0.7373315789003894 -0.003075785280691947 0.7373239350604719 0.6755310079901874 -0.0033573845036465673 0.004553293948078976 1.4372207213001566e-07 0.9999896337033708
2468625.5 0.6389846801757812 2468625.5 0.63818359375 -0.41331623987565336 -0.9105855883537307 0.0018900099321107224 0.9105760772860088 -0.41332056116506566 -0.004161873690766442 0.004570922169110366 8.278453023291699e-07 0.9999895532803524
2468696.5 0.257049560546875 2468696.5 0.25624847412109375 -0.999178100888075 0.040274954578879946 0.004588108473928111 -0.04027456056165373 -0.9991886348379769 0.00017827558894361906 0.004591565883802352 -6.654988206955333e-06 0.9999894586836633
2468767.5 0.8751144409179688 2468767.5 0.8743133544921875 -0.3548223976536049 0.9349322825057724 0.0016411130039350643 -0.9349223390962536 -0.354826192817949 0.004311931018873104 0.004613673388655122 -4.343505732324097e-06 0.9999893569428612
2468838.5 0.4931793212890625 2468838.5 0.49237823486328125 0.7326754736248134 0.680569757499471 -0.0033846012718122156 -0.6805624346834563 0.7326832911175001 0.0031571213077876345 0.004628482081791633 -9.712867502829992e-06 0.999989288472271
2468909.5 0.11124420166015625 2468909.5 0.110443115234375 0.9062505278198443 -0.4227199466019153 -0.004222270849392481 0.422715434446514 0.906260363542195 -0.0019531904837153755 0.004652129291925916 -1.4739149657779134e-05 0.9999891786793537
2468980.5 0.72930908203125 2468980.5 0.7285079956054688 -0.03342397591930328 -0.999441252625774 0.00014277104283631382 0.999430351766207 -0.033424278183752265 -0.004667932772728794 0.004670096596603652 -1.3331159030323037e-05 0.9999890949505693
2469051.5 0.34737396240234375 2469051.5 0.3465728759765625 -0.9385432188459261 -0.3451337835122254 0.004392930327967829 0.34512989755114687 -0.938553499291412 -0.0016379206876459633 0.0046883018954801126 -2.1127760362471482e-05 0.9999890096290831
2469122.5 0.9654388427734375 2469122.5 0.9646377563476562 -0.6855688459521395 0.7280005696342293 0.003244699074921212 -0.7279925558255902 -0.6855765239571965 0.003415912951978002 0.0047112760879348846 -2.0273272081929023e-05 0.9999889016717224
2469193.5 0.5835037231445312 2469193.5 0.58270263671875 0.41649278761071595 0.9091369372344755 -0.001946079179883428 -0.9091267419512733 0.4164973334593974 0.004305611486461836 0.004724927228848127 -2.402350598435535e-05 0.9999888371804723
2469264.5 0.201568603515625 2469264.5 0.20076751708984375 0.9990306609822678 -0.04376335601063968 -0.004744163574223796 0.04376300921599374 0.9990419249053524 -0.00017693436365624787 0.004747361550807942 -3.085601995277638e-05 0.9999887307396078
2469335.5 0.8196334838867188 2469335.5 0.8188323974609375 0.3515556114954258 -0.9361654518342242 -0.0017025915829424409 0.9361548693298223 0.3515597331206137 -0.004451368129901562 0.00476577969912475 -2.898595595851298e-05 0.9999886431873481
2469406.5 0.4376983642578125 2469406.5 0.43689727783203125 -0.735046733527425 -0.6780074605529027 0.0034904104729516264 0.6779995824933893 -0.7350550197984743 -0.003268640061531431 0.004781806086883008 -3.61063569194153e-05 0.9999885664480761
2469477.5 0.05576324462890625 2469477.5 0.054962158203125 -0.9047684018835037 0.425881558273902 0.0043631726256996755 -0.4258768026148559 -0.9047789215936564 0.0020129665595336674 0.004804991958137307 -3.690546998101506e-05 0.999988455278494
2469548.5 0.673828125 2469548.5 0.6730270385742188 0.03691335950932434 0.9993184600070457 -0.00013920805199323566 -0.9993068542214776 0.036913601738919534 0.004816338093853616 0.004818194237415535 -3.8675659062980024e-05 0.9999883916868655
2469619.5 0.29189300537109375 2469619.5 0.2910919189453125 0.9397418809108847 0.34185474104178365 -0.00453136726927394 -0.3418505274975582 0.9397528046556972 0.0016979373929455481 0.004838813047998115 -4.6572588034802824e-05 0.9999882917910992
2469690.5 0.9099578857421875 2469690.5 0.9091567993164062 0.6830223307274621 -0.7303898065534973 -0.00335055374051305 0.7303813368386786 0.6830305472685234 -0.0035177117291374824 0.00485783134439326 -4.4506256088650926e-05 0.9999881996772875
2469761.5 0.5280227661132812 2469761.5 0.5272216796875 -0.4196642660796316 -0.9076772041663355 0.0019992029989142983 0.9076663296925036 -0.41966902497790437 -0.004443356460196535 0.004872136942195222 -5.0108679469628154e-05 0.999988129814918
2469832.5 0.146087646484375 2469832.5 0.14528656005859375 -0.9988710585419305 0.04725122040568032 0.004891888949774641 -0.04725091091286291 -0.9988830359045308 0.00017888558589680247 0.004894877447707668 -5.246257442444952e-05 0.9999880186394486
2469903.5 0.7641525268554688 2469903.5 0.7633514404296875 -0.3482845557936698 0.9373872072364576 0.0017583813688548506 -0.9373760060897564 -0.34828899062540053 0.0045828175130871104 0.00490829938196236 -5.2139942896435426e-05 0.9999879528667349
2469974.5 0.3822174072265625 2469974.5 0.38141632080078125 0.7374090372687789 0.6754369004917798 -0.0035923819942670476 -0.6754284853844303 0.737417785128857 0.0033721368510736646 0.0049267520362748386 -6.0247059584409625e-05 0.9999878616686628
2470045.5 0.00028228759765625 2470044.5 0.999481201171875 0.9032752796246976 -0.42903797528309023 -0.00449277018206084 0.42903298847236954 0.9032864508922945 -0.0020694049560144993 0.004946111744800055 -5.8304277434121164e-05 0.9999877662147769
2470116.5 0.61834716796875 2470116.5 0.6175460815429688 -0.04040228109232896 -0.9991834848702338 0.00013872675320067876 0.9991711856114571 -0.040402472141994626 -0.004958032735879371 0.00495958933092053 -6.170405779399507e-05 0.9999876992574848
2470187.5 0.23641204833984375 2470187.5 0.2356109619140625 -0.94092909086569 -0.3385715340498355 0.004665007374994674 0.33856702778667036 -0.9409406527825954 -0.0017480379748196662 0.004981330983377512 -6.536210089663557e-05 0.9999875909577228
2470258.5 0.8544769287109375 2470258.5 0.8536758422851562 -0.6804675256998565 0.7327701376521508 0.0034455526639796566 -0.7327612098071932 -0.6804762460176148 0.003617735158322219 0.00499558503219601 -6.301604669686744e-05 0.999987520001707
2470329.5 0.47254180908203125 2470329.5 0.47174072265625 0.42283060845021075 0.906206407061703 -0.0020553242921131053 -0.9061948786461159 0.4228355978801422 0.004571551256608903 0.005011833314845534 -7.046745192912009e-05 0.9999874382016818
2470400.5 0.090606689453125 2470400.5 0.08980560302734375 0.9986993104644656 -0.05073850632145996 -0.005029041068408522 0.05073821037351159 0.9987119701032297 -0.0001864956287555654 0.005032026022801204 -6.891148786880027e-05 0.9999873369024793
2470471.5 0.7086715698242188 2470471.5 0.7078704833984375 0.345009284866471 -0.9385975344855432 -0.001805993794014821 0.9385857143588255 0.34501400463349907 -0.004710988037593956 0.005044814908295216 -6.974536142383764e-05 0.999987272408067
2470542.5 0.3267364501953125 2470542.5 0.32593536376953125 -0.739762324745602 -0.6728581084973565 0.0036971227116051044 0.6728492004336719 -0.7397715595455664 -0.0034631146799418045 0.005065211027252854 -7.427570609122133e-05 0.999987168977867
2470613.5 0.9448013305664062 2470613.5 0.944000244140625 -0.9090718960905356 0.41661334874840994 0.004648159097108045 -0.4166082965999693 -0.9090837765109854 0.0020529219660637018 0.005080840720826182 -7.020797956200046e-05 0.9999870899808703
2470684.5 0.5628662109375 2470684.5 0.5620651245117188 0.043890666247516724 0.999036329499027 -0.00014750410571664994 -0.9990233476457806 0.043890847961022106 0.005093557094959929 0.005095122664522469 -7.61995689886625e-05 0.9999870168750488
2470755.5 0.18093109130859375 2470755.5 0.1801300048828125 0.9421048323166381 0.3352842014750984 -0.0047947019559496885 -0.33527945164006945 0.9421170301899282 0.0017862625906088238 0.005116075993704621 -7.528157583627852e-05 0.999986909963881
2470826.5 0.7989959716796875 2470826.5 0.7981948852539062 0.6779044593646876 -0.7351415350112043 -0.003530931157397551 0.7351321233461392 0.6779136509202924 -0.003720634424293072 0.005128859333952265 -7.346625123836955e-05 0.9999868446157892
2470897.5 0.41706085205078125 2470897.5 0.416259765625 -0.4259917363504693 -0.9047245642069461 0.0021221408213940376 0.9047124080643492 -0.42599701501240744 -0.004690617754954507 0.0051477427595647595 -7.823726921999688e-05 0.9999867472238876
2470968.5 0.035125732421875 2470968.5 0.03432464599609375 -0.9985153929788466 0.05422517240500973 0.0051614592845557195 -0.054224825235381344 -0.9985287303640669 0.00020728173460179757 0.005165105274030778 -7.29052249870042e-05 0.9999866580971649
2471039.5 0.6531906127929688 2471039.5 0.6523895263671875 -0.34172985980353127 0.9397964199209344 0.0018417444046553125 -0.9397839601000564 -0.3417348141358124 0.004839953121580888 0.005177958798059765 -7.688534841129146e-05 0.9999865913257682
2471110.5 0.2712554931640625 2471110.5 0.27045440673828125 0.7421065543100975 0.670271115304334 -0.0038071037129914736 -0.6702617611861859 0.7421163157475104 0.0035419476183743965 0.0051993789616735725 -7.67465029362355e-05 0.999986480192801
2471181.5 0.8893203735351562 2471181.5 0.888519287109375 0.9076111528665061 -0.41978485022005474 -0.004761797775608221 0.41977949082456484 0.9076236413093418 -0.0021224559930102917 0.005212895107403082 -7.254031493554598e-05 0.9999864101389087
2471252.5 0.50738525390625 2471252.5 0.5065841674804688 -0.047378441439482374 -0.99887699644541 0.00017105251306465311 0.9988633175428657 -0.047378687907059125 -0.005228077989611895 0.005230311083080435 -7.6840106203829e-05 0.9999863188771995
2471323.5 0.12545013427734375 2471323.5 0.1246490478515625 -0.9432690524630251 -0.3319927824754465 0.004928189294161923 0.33198785700517075 -0.9432819235709639 -0.0018098246807269403 0.005249520608668503 -7.10526090344775e-05 0.9999862186474902
2471394.5 0.7435150146484375 2471394.5 0.7427139282226562 -0.6753331642872915 0.7375039709794078 0.0036069382190815715 -0.7374940217529169 -0.6753427926058673 0.0038314950109929057 0.0052616625150287795 -7.255972368563423e-05 0.9999861547254864
2471465.5 0.36157989501953125 2471465.5 0.36077880859375 0.4291476008688187 0.9032316933270153 -0.0022010993052975396 -0.9032189241967266 0.42915323929906746 0.004803350083362867 0.005283146926328006 -7.327161783295898e-05 0.9999860413974911
2471536.5 0.979644775390625 2471536.5 0.9788436889648438 0.9991642852084885 -0.04052997685987147 -0.005296427054933306 0.04052976378775836 0.9991783206523651 -0.0001475995526258039 0.005298057296660805 -6.71867359647334e-05 0.9999859629388923
2471607.5 0.5977096557617188 2471607.5 0.5969085693359375 0.3384463277601273 -0.9409838497628654 -0.001864862230717933 0.9409706912162864 0.33845145815925803 -0.004976820452636787 0.005314273010355683 -7.039409615100654e-05 0.999985876673787
2471678.5 0.2157745361328125 2471678.5 0.21497344970703125 -0.7444416640936964 -0.6676759516771451 0.003928398328711808 0.6676661927618 -0.7444520262137826 -0.0036104998481308165 0.005335148017717617 -6.494775937537977e-05 0.9999857658874037
2471749.5 0.8338394165039062 2471749.5 0.833038330078125 -0.9061393439911415 0.42295123502071963 0.004872583067457763 -0.42294549834719264 -0.9061524423144134 0.002203795696066667 0.005347401158343792 -6.389108738535164e-05 0.9999857005071525
2471820.5 0.451904296875 2471820.5 0.45110321044921875 0.05086556892836418 0.9987054874952118 -0.0002077126503945683 -0.9986910794252977 0.05086595092051689 0.005364970949154786 0.0053685914286561625 -6.545152858576197e-05 0.9999855868672155
2471891.5 0.06996917724609375 2471891.5 0.0691680908203125 0.9444217294047412 0.3286973157032795 -0.005066722571634304 -0.3286922536123567 0.944435318721481 0.001825148400255528 0.005385113126741234 -5.831734809609418e-05 0.9999854984727025
2471962.5 0.6880340576171875 2471962.5 0.6872329711914062 0.6727536517789865 -0.739857417524178 -0.0036777374144482504 0.7398468459206292 0.6727637015719284 -0.003955556665818636 0.005400796175999242 -5.984723446134501e-05 0.9999854138031083
2472033.5 0.30609893798828125 2472033.5 0.3052978515625 -0.43229814846251474 -0.9017278118841492 0.0022943649465489713 0.9017144236269735 -0.43230423337820795 -0.004914064138024299 0.005423011981949047 -5.547886293228068e-05 0.9999852938234338
2472104.5 0.924163818359375 2472104.5 0.9233627319335938 -0.9990159492861586 0.044018334657535164 0.005433165362167299 -0.044017966847183856 -0.9990307220037603 0.00018731600628724162 0.005436144453185621 -5.202521495527392e-05 0.9999852227042464
2472175.5 0.5422286987304688 2472175.5 0.5414276123046875 -0.335158706541813 0.9421598095691476 0.0018800696383151016 -0.9421458834126948 -0.33516397521572533 0.005122898213663267 0.00545672041908953 -5.4315931236714786e-05 0.9999851105151751
2472246.5 0.1602935791015625 2472246.5 0.15949249267578125 0.7467676388114031 0.6650726477043678 -0.004057942772715655 -0.6650624870254676 0.7467786627162553 0.0036765830901454855 0.005475579927458192 -4.6767760498161964e-05 0.9999850078062343
2472317.5 0.7783584594726562 2472317.5 0.777557373046875 0.9046564516488851 -0.4261124653698425 -0.004987118053640792 0.4261062739589343 0.9046701966392214 -0.002297521618674825 0.005490699671426606 -4.6574536499023794e-05 0.9999849249103362
2472388.5 0.39642333984375 2472388.5 0.39562225341796875 -0.05435201078898745 -0.9985218041767452 0.00025594298534443565 0.9985066133377227 -0.054352595744103886 -0.0055080356489198585 0.005513804859247593 -4.381204951805629e-05 0.9999847979026872
2472459.5 0.01448822021484375 2472459.5 0.0136871337890625 -0.9455628210908855 -0.32539784025023955 0.005215067701103301 0.3253926682500042 -0.9455772015555667 -0.0018350333741767976 0.005528365019478662 -3.819453972176578e-05 0.9999847177439206
2472530.5 0.6325531005859375 2472530.5 0.6317520141601562 -0.670165923914657 0.7422018463500255 0.0037488262462410733 -0.7421905768299231 -0.6701764078039499 0.004090243007766584 0.0055481608195739884 -4.120202980309588e-05 0.9999846079884995
2472601.5 0.25061798095703125 2472601.5 0.24981689453125 0.4354433770310649 0.9002129368272366 -0.002394528902600308 -0.9001988927677343 0.4354499594746691 0.00502854385004244 0.005569457740811813 -3.409384879585393e-05 0.9999844898687592
2472672.5 0.868682861328125 2472672.5 0.8678817749023438 0.99885536132802 -0.047506158018404875 -0.005579614377387863 0.04750559699406662 0.9988709445731373 -0.00023311329202100695 0.0055843890003845495 -3.221645046814343e-05 0.9999844066592202
2472743.5 0.48674774169921875 2472743.5 0.4859466552734375 0.3318670203879794 -0.9433242848535343 -0.0018906042343646212 0.9433095108670831 0.33187240413403357 -0.0052795910828854365 0.005607805855108913 -3.1302794023270704e-05 0.9999842756431855
2472814.5 0.1048126220703125 2472814.5 0.10401153564453125 -0.7490844398126195 -0.6624612342043898 0.004197047416136779 0.6624506530609773 -0.7490961971460014 -0.0037442863780729647 0.0056244368339047526 -2.4449862274862426e-05 0.9999841824311549
2472885.5 0.7228775024414062 2472885.5 0.722076416015625 -0.9031624733225102 0.4292685034697826 0.005108689731925154 -0.42926180942385106 -0.9031769212967828 0.0023974584518854617 0.005643204065714841 -2.7670893024066165e-05 0.99998407661432
2472956.5 0.3409423828125 2472956.5 0.34014129638671875 0.0578377757789581 0.9983259478243702 -0.00030593057397563785 -0.9983099123402075 0.05783858074760295 0.0056584008685984346 0.005666623000522165 -2.185579622338188e-05 0.9999839443241547
2473027.5 0.9590072631835938 2473027.5 0.9582061767578125 0.9410118822451502 0.3383313705369654 -0.005340522822715655 -0.3383258103015524 0.9410270364702003 0.0019397721279766507 0.0056818621276516655 -1.8511909850527672e-05 0.9999838579197523
2473098.5 0.5770721435546875 2473098.5 0.5762710571289062 0.6675699956010621 -0.7445372291116571 -0.0038230145083768432 0.7445251867263046 0.6675809419764074 -0.004234647571711737 0.0057050243960006875 -1.9406929892673733e-05 0.9999837260275849
2473169.5 0.19513702392578125 2473169.5 0.1943359375 -0.43858325760451006 -0.8986870861231792 0.002499476834795154 0.8986723333882638 -0.43859037960957403 -0.005149380197718237 0.005723927979028287 -1.2221262389728455e-05 0.9999836181153827
2473240.5 0.813201904296875 2473240.5 0.8124008178710938 -0.998682522727981 0.050993405107548004 0.005735105335826845 -0.05099265240056618 -0.9986989898866949 0.0002774895511466181 0.005741794042881136 -1.5324267906401112e-05 0.999983515647301
2473311.5 0.43126678466796875 2473311.5 0.4304656982421875 -0.3285712582802603 0.9444772610476 0.0019056747225736938 -0.9444615785253779 -0.32857678437711035 0.005442743586711432 0.0057667080277759505 -1.1507447860934136e-05 0.9999833723348108
2473382.5 0.0493316650390625 2473382.5 0.04853057861328125 0.7513920664652914 0.6598417425343723 -0.0043401914962819445 -0.6598306793109633 0.7514046012345577 0.0038209793986612494 0.00578248156514827 -7.262102955678344e-06 0.9999832812873476
2473453.5 0.6673965454101562 2473453.5 0.666595458984375 0.9016574171820956 -0.4324193110509745 -0.0052384607195771335 0.4324120743672577 0.9016726342416838 -0.00250171962253325 0.005805168552013572 -9.479612882311583e-06 0.9999831498221454
2473524.5 0.28546142578125 2473524.5 0.28466033935546875 -0.06132283932169517 -0.9981179207681781 0.0003544276162821675 0.9981009791349569 -0.06132386348890904 -0.00581542918738482 0.005826218959647039 -2.8640788067140435e-06 0.9999830274381819
2473595.5 0.9035263061523438 2473595.5 0.9027252197265625 -0.9421865028661301 -0.3350437309106871 0.005503834512414963 0.3350379801104566 -0.942202578189291 -0.001963042780175552 0.005843432244534223 -5.558814134141068e-06 0.9999829269886077
2473666.5 0.5215911865234375 2473666.5 0.5207901000976562 -0.6649658642009711 0.7468635371196795 0.0039059401600697943 -0.746850690004502 -0.6649773356315087 0.004380631943194413 0.005869095948695297 -4.183397817429161e-06 0.999982776699301
2473737.5 0.13965606689453125 2473737.5 0.13885498046875 0.44171779890351975 0.8971502784800646 -0.002600760460742423 -0.897134739372766 0.44172545525751034 0.0052803018949764136 0.005886046414076421 8.29227518341227e-07 0.9999826770784199
2473808.5 0.757720947265625 2473808.5 0.7569198608398438 0.9984974354260006 -0.054480033093065754 -0.005898935656384156 0.0544790979042733 0.9985148601734947 -0.00031922444037326336 0.005907566270184859 -2.6239081228801486e-06 0.9999825501746912
2473879.5 0.37578582763671875 2473879.5 0.3749847412109375 0.3252714512435491 -0.9456187240769989 -0.0019265723194856 0.9456020899136203 0.3252771566958401 -0.005608821878536295 0.005930476954610172 2.618820517087409e-06 0.9999824145634924
2473950.5 0.9938507080078125 2473950.5 0.9930496215820312 -0.7422742442762321 -0.6700816773322535 0.004414973130722875 0.6700698290684257 -0.742287374069707 -0.003984779656021975 0.005947306647501581 5.409832584839184e-07 0.9999823146152874
2474021.5 0.6119155883789062 2474021.5 0.611114501953125 -0.9001412954430897 0.43556484908285664 0.005376846795471464 -0.435557083164974 -0.9001573541570191 0.002600973251775693 0.005972900706999807 -6.802746000257123e-07 0.999982162069245
2474092.5 0.22998046875 2474092.5 0.22917938232421875 0.06480720972626536 0.9978977258171232 -0.0003929077634250913 -0.9978798166888777 0.06480840059463851 0.005978516315622591 0.005991411558851484 4.623766218234481e-06 0.9999820513219991
2474163.5 0.8480453491210938 2474163.5 0.8472442626953125 0.9433495887965345 0.33175200517636316 -0.005671012155938842 -0.3317460130860594 0.943366634485939 0.001993925819724436 0.006011332540545724 3.66570761773879e-07 0.9999819317772459
2474234.5 0.4661102294921875 2474234.5 0.46530914306640625 0.6623535725852904 -0.7491807414609194 -0.003995185548494566 0.7491670810498325 0.662365621550193 -0.004524163978336801 0.006035690082820439 3.534678389315732e-06 0.9999817850504729
2474305.5 0.08417510986328125 2474305.5 0.0833740234375 -0.4448469868211428 -0.8956025334475508 0.0026945126611097998 0.895586138002025 -0.4448551472965459 -0.005419164362136365 0.006052085158650758 2.4692503702808558e-06 0.9999816859618657
2474376.5 0.702239990234375 2474376.5 0.7014389038085938 -0.9983001223567922 0.05796599818188337 0.006067022102430134 -0.05796493652006093 -0.9983185579025871 0.00035082976590462627 0.006077156953636089 -1.441152809972199e-06 0.9999815339101438
2474447.5 0.32030487060546875 2474447.5 0.3195037841796875 -0.32196759795357893 0.9467486598160354 0.0019598480913784184 -0.9467310533761468 -0.32197356277179434 0.005773859136680381 0.006097412672093674 3.546509145677101e-06 0.9999814106002813
2474518.5 0.9383697509765625 2474518.5 0.9375686645507812 0.7446085072534961 0.6674859096173105 -0.004553173407016395 -0.6674734231204255 0.7446224281214404 0.004082764557124335 0.006115582852158313 -9.389823113485911e-07 0.9999812996478966
2474589.5 0.5564346313476562 2474589.5 0.555633544921875 0.8986141561109728 -0.43870507785146307 -0.005518433138471235 0.43869680823398055 0.8986311004339936 -0.002693655157925142 0.006140755839660707 -3.6234771272113894e-07 0.9999811453810448
2474660.5 0.17449951171875 2474660.5 0.17369842529296875 -0.0682908569739019 -0.9976653660047609 0.0004199147021700524 0.9976464526732998 -0.06829214796911219 -0.006143125763464545 0.006157460690197475 -5.929098457814101e-07 0.9999810426590583
2474731.5 0.7925643920898438 2474731.5 0.7917633056640625 -0.9445011612598015 -0.3284562351366833 0.0058359214116843255 0.3284499229609862 -0.9445191906773275 -0.002036307728926861 0.006180977738845951 -6.487076585372232e-06 0.9999808975536031
2474802.5 0.4106292724609375 2474802.5 0.40982818603515625 -0.6597331296976802 0.751488812810034 0.00409411781299428 -0.7514743659210171 -0.6597458330413334 0.004659736924410195 0.006202817336437711 -2.4417628225780065e-06 0.9999807623405202
2474873.5 0.02869415283203125 2474873.5 0.02789306640625 0.4479707882026056 0.8940438707443117 -0.0027803060383686084 -0.8940265617384483 0.4479794159804588 0.005563251201724697 0.006219310513630542 -6.506577748060349e-06 0.9999806598801795
2474944.5 0.646759033203125 2474944.5 0.6459579467773438 0.9980906211923624 -0.06145125597595204 -0.0062333800479144885 0.061450112491264426 0.9981100856428574 -0.000374983757881355 0.006244642716363141 -8.774133310044631e-06 0.9999805019900935
2475015.5 0.26482391357421875 2475015.5 0.2640228271484375 0.31865974843038164 -0.9478670539241676 -0.0020032012887938326 0.9478484866297814 0.3186660446583701 -0.005932821877024446 0.006261878625388834 -8.179783188830584e-06 0.9999803942123926
2475086.5 0.8828887939453125 2475086.5 0.8820877075195312 -0.7469337227365628 -0.6648820056967596 0.004683197578185256 0.6648688075658715 -0.746948404016185 -0.004189327345458627 0.006283515324689094 -1.5437880507800127e-05 0.9999802584035528
2475157.5 0.5009536743164062 2475157.5 0.500152587890625 -0.8970760169238619 0.441839957327206 0.005663211907543182 -0.44183124354475456 -0.8970938924905737 0.0027749385234432603 0.00630651153292301 -1.2853161753859505e-05 0.9999801136758076
2475228.5 0.1190185546875 2475228.5 0.11821746826171875 0.07177372838745755 0.9974208441376669 -0.0004377134541441875 -0.9974009059940773 0.07177506127732847 0.006306607711672536 0.006321758897416991 -1.6072953220184217e-05 0.9999800173533984
2475299.5 0.7370834350585938 2475299.5 0.7362823486328125 0.9456412312362196 0.3251564627203505 -0.005994709103683363 -0.3251497887863871 0.9456602319604903 0.0020833964092483925 0.006346387808402697 -2.0967146701848394e-05 0.9999798612582977
2475370.5 0.3551483154296875 2475370.5 0.35434722900390625 0.6571046010710221 -0.7537877217062768 -0.004196886482986473 0.7537725382811596 0.657118003267617 -0.004784382380267062 0.006364258359836424 -1.9658101807693004e-05 0.9999797477094664
2475441.5 0.9732131958007812 2475441.5 0.972412109375 -0.4356710142474195 -0.9001017548151864 0.0027565056229438595 0.9000833366875673 -0.4356797335396957 -0.005758194174650572 0.006383914316476757 -2.7593517611938003e-05 0.999979622230672
2475512.5 0.591278076171875 2475512.5 0.5904769897460938 -0.9978689498607581 0.06493576222933725 0.006395755427030984 -0.06493460064543297 -0.9978894458129635 0.00038932520495824655 0.006407537967576599 -2.6810291059805322e-05 0.9999794711584844
2475583.5 0.20934295654296875 2475583.5 0.2085418701171875 -0.31534796573164636 0.948973891951751 0.0020525357140772876 -0.9489543818273232 -0.31535464411368147 0.006085198982615975 0.00642197163147972 -2.8807639496050228e-05 0.9999793785126194
2475654.5 0.8274078369140625 2475654.5 0.8266067504882812 0.7492498632936061 0.6622699983364304 -0.004805378026707897 -0.6622560702603032 0.7492652721291232 0.0042952746883791176 0.0064451344355942915 -3.584320499940024e-05 0.9999792292629742
2475725.5 0.44547271728515625 2475725.5 0.444671630859375 0.8955269434297006 -0.44496944787755227 -0.005803795913181502 0.4449603497550792 0.8955457494142429 -0.002845672490272432 0.006463802077356649 -3.408267222632084e-05 0.9999791088323177
2475796.5 0.06353759765625 2475796.5 0.06273651123046875 -0.07525578669334007 -0.997164162845054 0.0004459895612116644 0.9971432006988131 -0.07525709656948124 -0.006465811322442327 0.006481039213936701 -4.187425914202747e-05 0.999978996968063
2475867.5 0.6816024780273438 2475867.5 0.6808013916015625 -0.9467698019617183 -0.3218527293076807 0.006145138775263601 0.32184565439462276 -0.9467897437036945 -0.0021344706107528865 0.006505139557755651 -4.306610697077967e-05 0.9999788404284585
2475938.5 0.2996673583984375 2475938.5 0.29886627197265625 -0.6544680420509462 0.7560774390904589 0.004299771204531136 -0.7560615584997404 -0.6544821649175157 0.00490056770464363 0.006519332246810239 -4.362676749964064e-05 0.9999787479760563
2476009.5 0.9177322387695312 2476009.5 0.91693115234375 0.43881068213139796 0.8985751020565711 -0.0028233333848468618 -0.8985557351044647 0.438819761704978 0.005899800679620798 0.006540348480958235 -5.1973155603300934e-05 0.9999786103415106
2476080.5 0.535797119140625 2476080.5 0.5349960327148438 0.9976351530142835 -0.06841947360091408 -0.006548060960352782 0.06841832998937435 0.9976566408905256 -0.0003987586971431595 0.00655999936220661 -5.0191701741315265e-05 0.9999784817130623
2476151.5 0.15386199951171875 2476151.5 0.1530609130859375 0.3120323003242763 -0.9500691596876866 -0.002106030548761026 0.9500487389448227 0.31203940224555043 -0.006229372006310255 0.00657549874096578 -5.706639033073692e-05 0.9999783795461455
2476222.5 0.7719268798828125 2476222.5 0.7711257934570312 -0.7515569022218159 -0.6596499198174821 0.004919960115708077 0.6596352606572212 -0.7515730035600525 -0.004398092472738239 0.006598910548552372 -6.003758115370052e-05 0.9999782251504584
2476293.5 0.38999176025390625 2476293.5 0.389190673828125 -0.8939669659721233 0.44809351071065556 0.005938805401236843 -0.448084061669774 -0.8939866901494137 0.002910586404181416 0.006613427864171882 -5.9115948712533045e-05 0.9999781292994311
2476364.5 0.008056640625 2476364.5 0.00725555419921875 0.07873692589704712 0.9968953252907992 -0.0004548776042367111 -0.9968733706446563 0.07873821090751357 0.006616422193675686 0.006631696603767425 -6.750137340643963e-05 0.9999780077800313
2476435.5 0.6261215209960938 2476435.5 0.6253204345703125 0.9478868790502603 0.3185450753313748 -0.006284863283109954 -0.3185376080514889 0.9479077120516304 0.002182129665643998 0.006652577033977787 -6.644676132353149e-05 0.9999778691569303
2476506.5 0.2441864013671875 2476506.5 0.24338531494140625 0.6518235044007986 -0.7583579366706277 -0.004399886285737107 0.7583413972140802 0.6518383501770393 -0.005009042810207092 0.006666661987707292 -7.160407527173677e-05 0.9999777749984237
2476577.5 0.8622512817382812 2476577.5 0.8614501953125 -0.4419450076408375 -0.8970374962975892 0.0028879850233044925 0.8970172067367577 -0.44195443708245924 -0.006033768416954395 0.0066888743092636885 -7.602157043735737e-05 0.9999776263403075
2476648.5 0.480316162109375 2476648.5 0.47951507568359375 -0.9973892261469341 0.07190234761842251 0.006692082858042386 -0.07190122495162549 -0.9974116737693056 0.0004085084682154858 0.006704134282331974 -7.372700998876564e-05 0.9999775243213481
2476719.5 0.09838104248046875 2476719.5 0.0975799560546875 -0.3087128695077784 0.9511528442102893 0.0021520109082469904 -0.9511315399833585 -0.30872035942679277 0.006366578694905608 0.006719959014634827 -8.140067137627482e-05 0.9999774175074017
2476790.5 0.7164459228515625 2476790.5 0.7156448364257812 0.7538548013429496 0.6570218019480001 -0.0050289419551310475 -0.6570064605342804 0.753871570738186 0.00449061788120272 0.006741610223035868 -8.122649657369514e-05 0.9999772717886427
2476861.5 0.33451080322265625 2476861.5 0.333709716796875 0.892396121623725 -0.45121210809649503 -0.006065939172865858 0.45120232264958704 0.8924167336193969 -0.0029728087235771066 0.0067547129141181115 -8.404286860440575e-05 0.9999771831348175
2476932.5 0.95257568359375 2476932.5 0.9517745971679688 -0.06506221589074163 -0.9978811474529187 0.0003515983975137263 0.9978582068334529 -0.06506310445164104 -0.006766941276546979 0.006775479209052023 -8.942684779181153e-05 0.9999770421786326
2477003.5 0.5706405639648438 2477003.5 0.5698394775390625 -0.9489924230953293 -0.3152335407415971 0.006418387583612703 0.31522571677889466 -0.9490141239160799 -0.0022226311043689077 0.00679178834241101 -8.601925077873996e-05 0.9999769318398303
2477074.5 0.1887054443359375 2477074.5 0.18790435791015625 -0.6491710833038747 0.7606291877289376 0.0044881373517188985 -0.7606119836543014 -0.6491865912682026 0.00511664333752901 0.0068055068542316015 -9.215415570627311e-05 0.9999768380237957
2477145.5 0.8067703247070312 2477145.5 0.80596923828125 0.44507391902381827 0.8954889564805238 -0.002955575443867567 -0.895467805329598 0.44508372265429436 0.006155440389306596 0.006827607412042771 -9.300332118567012e-05 0.9999766872919637
2477216.5 0.424835205078125 2477216.5 0.42403411865234375 0.9971311754453897 -0.07538434270988832 -0.006827871490636682 0.07538321481384463 0.9971545477988737 -0.0004227627628024457 0.0068403128016730624 -9.315697269798443e-05 0.9999766004475074
2477287.5 0.04290008544921875 2477287.5 0.0420989990234375 0.3053897260001301 -0.9522249330875117 -0.002189077442150319 0.9522027444664423 0.3053975556553412 -0.006501263747851351 0.006859204337257314 -9.902639365985913e-05 0.9999764704779973
2477358.5 0.6609649658203125 2477358.5 0.6601638793945312 -0.7561434948937746 -0.6543856765251838 0.005138237879690207 0.6543697117760919 -0.7561609467429816 -0.0045719723128087395 0.006877168014671292 -9.4759882800607e-05 0.9999763475106112
2477429.5 0.27902984619140625 2477429.5 0.278228759765625 -0.8908144537071666 0.45432520340554733 0.0061821207452070984 -0.4543150293529451 -0.8908358994841721 0.0030420871554443477 0.00688935196045332 -9.869516032114659e-05 0.9999762632626987
2477500.5 0.8970947265625 2477500.5 0.8962936401367188 0.06854583550544209 0.9976478982777645 -0.00037349273158733103 -0.9976240276197718 0.06854677936384636 0.006902068860027655 0.006911436215843454 -0.00010050275355951147 0.999976110688966
2477571.5 0.5151596069335938 2477571.5 0.5143585205078125 0.9500864044040693 0.3119181650069763 -0.0065484735037832035 -0.31191004340865686 0.95010896676608 0.002253018308938897 0.006924520731228191 -9.80274093763919e-05 0.9999760204141248
2477642.5 0.1332244873046875 2477642.5 0.13242340087890625 0.6465107965510042 -0.762891165596305 -0.004567209004875604 0.7628732520371464 0.6465269203404471 -0.0052290153344447575 0.006941993175891237 -0.00010358671723915604 0.9999758987098327
2477713.5 0.7512893676757812 2477713.5 0.75048828125 -0.448197340321338 -0.8939295016756588 0.00303152812764015 0.8939075371539464 -0.44820758161654817 -0.006267280176345964 0.006961260535597161 -9.907246370093675e-05 0.9999757652245391
2477784.5 0.369354248046875 2477784.5 0.36855316162109375 -0.9968609832016776 0.0788654175813552 0.006958884961165859 -0.0788641984374539 -0.9968852671378574 0.00044985364402120274 0.0069726877889820125 -0.00010036533861059856 0.9999756854803002
2477855.5 0.9874191284179688 2477855.5 0.9866180419921875 -0.3184156464220162 0.9479483486782101 0.0023247261994786142 -0.9479253963254348 -0.3184241159799512 0.006597375512695425 0.006994220107836438 -0.00010295941543095052 0.9999755348429491
2477926.5 0.6054840087890625 2477926.5 0.6046829223632812 0.7584229300182013 0.6517415750842451 -0.005251526379672596 -0.6517250491264944 0.7584411049335525 0.004642271883184941 0.007008535059105182 -9.8254155810725e-05 0.9999754350895058
2477997.5 0.22354888916015625 2477997.5 0.222747802734375 0.8892219400499196 -0.4574327596560984 -0.006293784812083918 0.4574221182574903 0.889244207068312 -0.003121846293733439 0.007024746450047136 -0.00010290216275467147 0.9999753208696991
2478068.5 0.84161376953125 2478068.5 0.8408126831054688 -0.07202852410384822 -0.9974024886578118 0.0004090655509246175 0.9973776903179409 -0.07202961811940793 -0.007033986751580753 0.007045180726633966 -9.865482991839755e-05 0.9999751775397996
2478139.5 0.45967864990234375 2478139.5 0.4588775634765625 -0.951168760745473 -0.3085989878239478 0.0066823121715028355 0.3085906534502075 -0.95119222835199 -0.0022700938191121934 0.007056712059801171 -9.714324514433592e-05 0.9999750963789522
2478210.5 0.0777435302734375 2478210.5 0.07694244384765625 -0.6438427065663095 0.7651438444288817 0.0046331991061424865 -0.7651251438781091 -0.6438593691962792 0.005350411542551418 0.007076963110788461 -0.00010015368390890664 0.9999749529675072
2478281.5 0.6958084106445312 2478281.5 0.69500732421875 0.45131521941700864 0.8923591505108063 -0.0031175667133135927 -0.892336401973842 0.4513259771514606 0.006372445421863981 0.007093548826554482 -9.406333992547455e-05 0.9999748360419544
2478352.5 0.313873291015625 2478352.5 0.31307220458984375 0.9965786010736523 -0.08234553069383171 -0.007092633984144905 0.08234413953366404 0.9966038350885549 -0.0004884375554771667 0.007108766879197131 -9.727042670813921e-05 0.9999747276666151
2478423.5 0.9319381713867188 2478423.5 0.9311370849609375 0.31510379990574905 -0.9490543395135426 -0.002335794397853489 0.9490304295044679 0.31511244319650766 -0.0067373598162993285 0.007130158450037711 -9.377228118654013e-05 0.9999745757004208
2478494.5 0.5500030517578125 2478494.5 0.5492019653320312 -0.7606930322137957 -0.6490895293329358 0.0053752815490588895 0.6490724875870859 -0.7607120183602823 -0.00470435752628361 0.007142590488990998 -8.962462476344441e-05 0.9999744873588192
2478565.5 0.16806793212890625 2478565.5 0.167266845703125 -0.887618609399231 0.46053474064332245 0.006399758492405313 -0.4605235221627317 -0.8876416754779207 0.003215818649152641 0.007161688558398516 -9.281884447793206e-05 0.9999743504718781
2478636.5 0.7861328125 2478636.5 0.7853317260742188 0.07551024978328402 0.9971449212326223 -0.00045633064032263174 -0.9971191705368267 0.07551157950777389 0.007166666462939573 0.007180663313119254 -8.61407451667079e-05 0.9999742149946446
2478707.5 0.40419769287109375 2478707.5 0.4033966064453125 0.9522394413577727 0.3052760486197486 -0.006824988040372343 -0.30526754766902986 0.9522638953959378 0.0022798827797359377 0.007195183303671992 -8.75469425876832e-05 0.9999741105012465
2478778.5 0.0222625732421875 2478778.5 0.02146148681640625 0.641166800028416 -0.7673871970954158 -0.004693002808422574 0.7673676100984207 0.6411839692592745 -0.005483478527580979 0.007217029386064918 -8.543396873639032e-05 0.9999739532547224
2478849.5 0.6403274536132812 2478849.5 0.6395263671875 -0.4544274993682362 -0.8907779215095792 0.0032159553801991733 0.8907543747621796 -0.45443887194573057 -0.006477307058336319 0.007231297253612011 -7.88401252132624e-05 0.9999738507202397
2478920.5 0.258392333984375 2478920.5 0.25759124755859375 -0.9962840286277687 0.08582464119531039 0.007229471966815711 -0.08582297786865269 -0.9963102550193427 0.0005405673402894208 0.007249191056937935 -8.189620508763903e-05 0.9999737209157206
2478991.5 0.8764572143554688 2478991.5 0.8756561279296875 -0.31178816591780556 0.9501487620264688 0.0023387204146519845 -0.9501238221717926 -0.3117969280083519 0.0068846369708266165 0.007270635135593816 -7.552564522203568e-05 0.9999735657309156
2479062.5 0.4945220947265625 2479062.5 0.49372100830078125 0.7629537696651699 0.6464295703299626 -0.005509624009785185 -0.6464120025743213 0.7629736594254596 0.004766335151418768 0.007284797976786748 -7.500628167153883e-05 0.9999734626941332
2479133.5 0.11258697509765625 2479133.5 0.111785888671875 0.8860044198966645 -0.46363110896882875 -0.006508664986510704 0.46361921243999743 0.8860283230815145 -0.003322130924277125 0.0073071047680620315 -7.411945270256272e-05 0.9999733000066627
2479204.5 0.73065185546875 2479204.5 0.7298507690429688 -0.07899098691638827 -0.9968751984579977 0.0005125283439595535 0.9968484297129782 -0.07899262193548874 -0.007305741476806196 0.007323398442281959 -6.617465455512268e-05 0.9999731813684657
2479275.5 0.34871673583984375 2479275.5 0.3479156494140625 -0.9532984277131599 -0.30194938647290076 0.006976799284625314 0.3019407714634429 -0.9533239550523133 -0.00228194028734168 0.007340180357358109 -6.878992971843374e-05 0.9999730581472019
2479346.5 0.9667816162109375 2479346.5 0.9659805297851562 -0.6516267703193855 0.7585242651579129 0.004846789635637831 -0.758504006080532 -0.6516447921397713 0.005544153398037644 0.0073637601068320055 -6.359058234791745e-05 0.9999728851290552
2479417.5 0.5848464965820312 2479417.5 0.58404541015625 0.4575341772483817 0.889185832667111 -0.0033213903332165785 -0.8891614254418354 0.4575462285250386 0.006588495181341828 0.007378086194269787 -6.120955897424148e-05 0.999972779678277
2479488.5 0.202911376953125 2479488.5 0.20211029052734375 0.9959772155975164 -0.08930270733229996 -0.007376481121705817 0.08930071622638998 0.9960045294403194 -0.000599512987267066 0.007400546741396168 -6.162377163170465e-05 0.9999726136802142
2479559.5 0.8209762573242188 2479559.5 0.8201751708984375 0.30846874465507884 -0.951231602407068 -0.002339263345569209 0.9512055464330371 0.3084776097964551 -0.007040787547903678 0.007419029986928136 -5.3257372593655956e-05 0.9999724772001004
2479630.5 0.4390411376953125 2479630.5 0.43824005126953125 -0.7652051153548081 -0.6437617294179091 0.0056539518657512 0.6437436231446538 -0.7652260010587151 -0.004828557163217412 0.007434991286395671 -5.5141181938521695e-05 0.9999723585499858
2479701.5 0.05710601806640625 2479701.5 0.056304931640625 -0.8843793821650994 0.46672182759299874 0.006621483936858495 -0.4667091844166278 -0.8844041683318706 0.0034357267616434016 0.007459596667606898 -5.182145705440988e-05 0.9999721754789445
2479772.5 0.6751708984375 2479772.5 0.6743698120117188 0.08247075589359518 0.9965933227035574 -0.0005688277613596882 -0.9965654497608873 0.08247270369202947 0.007453689596863303 0.007475210045155697 -4.783732141938078e-05 0.9999720590828381
2479843.5 0.29323577880859375 2479843.5 0.2924346923828125 0.9543456818728253 0.2986190411826397 -0.007140569574954682 -0.2986102943628558 0.9543723936669453 0.002286111754201421 0.00749743897747319 -4.949329821088838e-05 0.999971892584583
2479914.5 0.9113006591796875 2479914.5 0.9104995727539062 0.6489738746046192 -0.7607948435112052 -0.004910821461422542 0.7607735470706765 0.6489924532305141 -0.005692602861828733 0.007517988971064449 -4.167252641643929e-05 0.9999717386532638
2479985.5 0.5293655395507812 2479985.5 0.528564453125 -0.46063522281949315 -0.8875829028861809 0.0034324921236408845 0.8875575687880426 -0.4606480095370846 -0.006706220737435865 0.007533497534038062 -4.258711952834018e-05 0.9999716218979626
2480056.5 0.147430419921875 2480056.5 0.14662933349609375 -0.9956581893553147 0.09277968754204106 0.00752991031137434 -0.0927773500185187 -0.9956866614812865 0.0006599028655551919 0.007558656840862477 -4.156743230302575e-05 0.999971432081392
2480127.5 0.7654953002929688 2480127.5 0.7646942138671875 -0.3051455084184577 0.9523028470026288 0.002346546979515584 -0.952275603134296 -0.30515452849498736 0.007203430725449096 0.007575907025159141 -3.646490913248158e-05 0.9999713017397331
2480198.5 0.3835601806640625 2480198.5 0.38275909423828125 0.7674470569043995 0.6410860386021543 -0.005805683265127612 -0.6410673085562059 0.7674690153853214 0.004900645262069053 0.007597417276783132 -3.915203820792089e-05 0.9999711384424252
2480269.5 0.00162506103515625 2480269.5 0.000823974609375 0.8827434858106255 -0.46980685868200367 -0.006741942913683047 0.4697934421489242 0.8827692305733701 -0.003550671312209123 0.007619709493885183 -3.298859708903195e-05 0.9999709690480925
2480340.5 0.61968994140625 2480340.5 0.6188888549804688 -0.08594952492857243 -0.9962992974135072 0.0006238091897325501 0.9962702362512971 -0.08595178248726063 -0.007609694280782625 0.007635150577267098 -3.256707946006827e-05 0.9999708512827
2480411.5 0.23775482177734375 2480411.5 0.2369537353515625 -0.9553812451646996 -0.29528505292320956 0.007308481900282408 0.2952761413445122 -0.9554091983897551 -0.002294337581832775 0.00766007442807239 -3.394676116353403e-05 0.9999706606232874
2480482.5 0.8558197021484375 2480482.5 0.8550186157226562 -0.6463129755735256 0.7630561484549174 0.00498516904819906 -0.7630337890706506 -0.6463322005734273 0.005841509941696496 0.007679475358427415 -2.840875575058028e-05 0.9999705119908097
2480553.5 0.47388458251953125 2480553.5 0.47308349609375 0.46373064704562916 0.8859691515781362 -0.00354251923941256 -0.8859427751602387 0.4637441767172241 0.006836497804925256 0.007699748828184066 -3.18242245859453e-05 0.999970355988217
2480624.5 0.091949462890625 2480624.5 0.09114837646484375 0.9953269469749616 -0.09625553890352409 -0.007690244202469874 0.09625288074773956 0.9953566549054329 -0.000715879339657208 0.007723443096407255 -2.7674160603452144e-05 0.9999701733856252
2480695.5 0.7100143432617188 2480695.5 0.7092132568359375 0.30181849245672737 -0.9533624828240427 -0.002360922430683655 0.9533339934624988 0.3018277251250972 -0.0073702954251854145 0.0077391549921538546 -2.6256154914194015e-05 0.9999700519468678
2480766.5 0.3280792236328125 2480766.5 0.32727813720703125 -0.7696796294055559 -0.6384025307393285 0.005956242418634033 0.638383114827294 -0.7697026749670866 -0.004979041264231083 0.007763168266118055 -2.9902047179834803e-05 0.999969865708132
2480837.5 0.9461441040039062 2480837.5 0.945343017578125 -0.8891004055428964 0.45765970099882625 0.006933032894785514 -0.45764600365500313 -0.889127436014055 0.003540884872496575 0.007784870073562134 -2.4672621395494986e-05 0.999969697135468
2480908.5 0.564208984375 2480908.5 0.5634078979492188 0.08942731308483044 0.9959931261682089 -0.0006695521689559572 -0.995962780199902 0.08942981503403347 0.007774872311484542 0.007803597305701842 -2.8436900717141518e-05 0.9999695510666478
2480979.5 0.18227386474609375 2480979.5 0.1814727783203125 0.9564051115112385 0.29194746343737127 -0.007479389524660056 -0.2919383184547422 0.956434356284921 0.002310916628614331 0.00782821135336396 -2.6652074991534092e-05 0.9999693587288935
2481050.5 0.8003387451171875 2481050.5 0.7995376586914062 0.643644116053839 -0.7653081519920356 -0.005067974329529442 0.7652847281642039 0.6436640675814813 -0.005987732718258813 0.007844533632578695 -2.447442451240337e-05 0.9999692308731754
2481121.5 0.41840362548828125 2481121.5 0.4176025390625 -0.46682045388742677 -0.8843445990079095 0.0036460989946625853 0.8843171217146608 -0.4668346916237582 -0.006971293914763144 0.007867151621422834 -3.0034821031372433e-05 0.99996905303278
2481192.5 0.036468505859375 2481192.5 0.03566741943359375 -0.9949835190041044 0.09973021780738558 0.007853697619584677 -0.09972731680690433 -0.9950145139563293 0.0007611167753070248 0.00789044946149159 -2.5929543151633752e-05 0.9999688695829257
2481263.5 0.6545333862304688 2481263.5 0.6537322998046875 -0.2984876856143819 0.954410496543547 0.0023886448183395403 -0.9543807226408102 -0.2984972415624213 0.007538768548771272 0.007908083723308727 -2.944699135957417e-05 0.9999687301834493
2481334.5 0.2725982666015625 2481334.5 0.27179718017578125 0.771902813935 0.6357112398781366 -0.0061045337113797725 -0.6356910515857894 0.7719269515845271 0.005066394296700011 0.00793301789873939 -3.0166559704757516e-05 0.9999685326634017
2481405.5 0.8906631469726562 2481405.5 0.889862060546875 0.8874959589185158 -0.4607612800431128 -0.007068643174876828 0.4607469131315176 0.8875241078722538 -0.0036386790652740086 0.007950153651433919 -2.754255662632339e-05 0.9999683966497773
2481476.5 0.50872802734375 2481476.5 0.5079269409179688 -0.09290407942575653 -0.9956748129863557 0.0007062652751352192 0.9956431557435005 -0.09290675754491848 -0.007939825162594992 0.007971100750592852 -3.445396021036557e-05 0.9999682296781975
2481547.5 0.12679290771484375 2481547.5 0.1259918212890625 -0.9574173227171071 -0.2886063149586106 0.007646249225560447 0.28859684433151156 -0.957447854423942 -0.0023382687787152764 0.007995724051013706 -3.201563644734846e-05 0.9999680331750105
2481618.5 0.7448577880859375 2481618.5 0.7440567016601562 -0.6409672992643538 0.7675508255040027 0.005162513136212973 -0.7675263673144319 -0.6409880880757879 0.006127513529986429 0.008012287493077662 -3.4829155135022736e-05 0.9999679005028405
2481689.5 0.36292266845703125 2481689.5 0.36212158203125 0.4699046084028094 0.8827092659046285 -0.0037431120630195924 -0.8826806150009746 0.46991951485401884 0.007112064458535516 0.008036846601961016 -3.801940652557579e-05 0.9999677033040724
2481760.5 0.980987548828125 2481760.5 0.9801864624023438 0.9962559753901743 -0.08607893053840324 -0.008028026951634931 0.08607642143462212 0.9962883199509945 -0.0006581810043025122 0.008054885001119063 -3.530707275852611e-05 0.9999675582642816
2481831.5 0.5990524291992188 2481831.5 0.5982513427734375 0.2951531687131076 -0.9554468749026271 -0.002424095174243449 0.9554158350309803 0.29516311998861056 -0.007701608315514408 0.008073981091563699 -4.286481658870524e-05 0.9999674039647194
2481902.5 0.2171173095703125 2481902.5 0.21631622314453125 -0.7741166444989082 -0.6330122000632892 0.006243018563806983 0.6329911717264514 -0.7741418169576055 -0.005159821115949039 0.008099211450827851 -4.252777268472491e-05 0.9999671999447098
2481973.5 0.8351821899414062 2481973.5 0.834381103515625 -0.8858806223339943 0.46385724063275724 0.007209943529385006 -0.463842284623439 -0.8859099606362106 0.0037251363544022753 0.008115292258642917 -4.425056676479353e-05 0.9999670694945131
2482044.5 0.4532470703125 2482044.5 0.45244598388671875 0.09637977577877099 0.9953443618033497 -0.0007350150453817678 -0.9953113586551308 0.09638256565206292 0.00810557650034433 0.008138682504652559 -4.964482221569194e-05 0.9999668791427445
2482115.5 0.07131195068359375 2482115.5 0.0705108642578125 0.9584178985298767 0.28526164980488605 -0.007805314098156864 -0.2852517899459026 0.9584496799169359 0.00237221410917482 0.008157702509505572 -4.709264379462994e-05 0.9999667242823879
2482186.5 0.6893768310546875 2482186.5 0.6885757446289062 0.6382826239452666 -0.7697841405113619 -0.005260131816500176 0.7697587046744887 0.6383042957942759 -0.00625799875597658 0.008174872928609151 -5.466038688095963e-05 0.9999665836740962
2482257.5 0.30744171142578125 2482257.5 0.306640625 -0.47298311449890473 -0.8810631726752725 0.0038287275041594625 0.8810333326958725 -0.47299860734703014 -0.0072514913343219205 0.008200004739025957 -5.659640310121781e-05 0.9999663777943372
2482328.5 0.925506591796875 2482328.5 0.9247055053710938 -0.9959480454791128 0.08955692111861792 0.008188320101734675 -0.0895543653190528 -0.9959817039604064 0.0006789907416111348 0.008216225327788028 -5.706030773975892e-05 0.9999662446230293
2482399.5 0.5435714721679688 2482399.5 0.5427703857421875 -0.2918149964518329 0.9564716045226076 0.0024652764071630704 -0.956439307008872 -0.291825402653194 0.007860430948196698 0.008237709281434982 -6.409562920021762e-05 0.9999660674430633
2482470.5 0.1616363525390625 2482470.5 0.16083526611328125 0.7763210989515641 0.6303054451845216 -0.006371584840563292 -0.6302835564880355 0.7763472431135181 0.005253240031704245 0.008257708122082028 -6.229592069927741e-05 0.9999659026065781
2482541.5 0.7797012329101562 2482541.5 0.778900146484375 0.8842544875174112 -0.4669475438120833 -0.007347967962668174 0.4669320685610677 0.8842850143380082 -0.0038022054801274386 0.008273128465239941 -6.888462226884238e-05 0.999965774714468
2482612.5 0.39776611328125 2482612.5 0.39696502685546875 -0.09985436098763162 -0.9950017764353546 0.0007559644443663831 0.9949674657481739 -0.09985719586497228 -0.008263324793358989 0.00829751133824489 -7.296898947273912e-05 0.9999655723979294
2482683.5 0.01583099365234375 2482683.5 0.0150299072265625 -0.9594068310131891 -0.2819135098484666 0.007956479758666701 0.2819031903213398 -0.9594398197592396 -0.0024132026452572315 0.008314077933275625 -7.228607478931265e-05 0.9999654348440464
2482754.5 0.6338958740234375 2482754.5 0.6330947875976562 -0.6355901403371014 0.7720080687626363 0.005358663233102504 -0.7719816883073662 -0.6356127243484604 0.006382598564792515 0.008333452128153193 -8.007317225493069e-05 0.9999652729789744
2482825.5 0.25196075439453125 2482825.5 0.25115966796875 0.476055901073637 0.8794063397954718 -0.003907503103161326 -0.8793753385346548 0.4760719307456384 0.0073844927503026155 0.008354222287508744 -7.926948605503929e-05 0.9999650997341455
2482896.5 0.870025634765625 2482896.5 0.8692245483398438 0.9956280208938819 -0.09303381679584007 -0.008339840725684786 0.09303126146139751 0.9956629458987782 -0.000694661837572349 0.008368297427396029 -8.424111257044985e-05 0.9999649816376578
2482967.5 0.48809051513671875 2482967.5 0.4872894287109375 0.28847325064883417 -0.9574846725786759 -0.002507077381951762 0.9574511830352277 0.28848413068085055 -0.008008648435187535 0.008391410163847576 -9.012335791412736e-05 0.999964787436659
2483038.5 0.1061553955078125 2483038.5 0.10535430908203125 -0.7785161469101706 -0.6275910085979743 0.006491142204706044 0.6275682444572787 -0.7785432024741301 -0.005346066790861539 0.008408778089078098 -8.836460122166827e-05 0.9999646416962681
2483109.5 0.7242202758789062 2483109.5 0.723419189453125 -0.882617581292782 0.47003215117713915 0.007482115520868996 -0.47001618321861854 -0.8826492891443721 0.0038755497078894227 0.008425716911986637 -9.608707016800411e-05 0.9999644984007152
2483180.5 0.34228515625 2483180.5 0.34148406982421875 0.10332772943362416 0.9946470613614452 -0.0007769524658337081 -0.9946114967332196 0.10333060550023758 0.00841169026166548 0.008446945968590093 -9.639500050913793e-05 0.9999643192693466
2483251.5 0.9603500366210938 2483251.5 0.9595489501953125 0.9554505861934965 0.29504119427196507 -0.008054255091434124 -0.2950298343235672 0.9554845283026878 0.0025909521797335025 0.008460153752280918 -9.928123370561935e-05 0.9999642073303046
2483322.5 0.5784149169921875 2483322.5 0.5776138305664062 0.6328899456779601 -0.774222583323962 -0.005450516573407364 0.7741953105988925 0.6329134065141758 -0.006499300063011878 0.008481609896322214 -0.00010642270765483072 0.9999640248367808
2483393.5 0.19647979736328125 2483393.5 0.1956787109375 -0.47912291645204436 -0.8777387874788803 0.003981442652432026 0.8777066612770212 -0.47913944751375737 -0.007510431822032929 0.008499863553710308 -0.0001038812608603254 0.9999638701114416
2483464.5 0.814544677734375 2483464.5 0.8137435913085938 -0.9952958842093311 0.09650957493104252 0.008485565543582329 -0.09650701439971582 -0.9953320499778431 0.0007116590177351674 0.00851463725701496 -0.00011060530479761823 0.9999637437021643
2483535.5 0.43260955810546875 2483535.5 0.4318084716796875 -0.28512804174091916 0.9584860674440095 0.0025413242029919867 -0.9584514263554629 -0.2851393448201765 0.008149684208653002 0.008535990286281495 -0.0001120323079747962 0.999963561495415
2483606.5 0.0506744384765625 2483606.5 0.04987335205078125 0.7807017451998753 0.6248689232267833 -0.00660407656470362 -0.6248453447511412 0.7807296690812994 0.0054294529218111235 0.00854869491191359 -0.0001122568737089563 0.9999634529390048
2483677.5 0.6687393188476562 2483677.5 0.667938232421875 0.8809699826596117 -0.47311102599796445 -0.007605703903976761 0.47309456956909546 0.8810028051117957 -0.003947863901156418 0.008568424415032043 -0.00012026762218324781 0.9999632831453078
2483748.5 0.28680419921875 2483748.5 0.28600311279296875 -0.10679981720469443 -0.9942802211809526 0.0008005082136226635 0.9942434566556544 -0.10680275275740043 -0.008551076005800037 0.008587662223204146 -0.00011735330093516719 0.9999631184627474
2483819.5 0.9048690795898438 2483819.5 0.9040679931640625 -0.9564737630822956 -0.29170335284940824 0.008191121511003933 0.29169156023071235 -0.956508828502352 -0.0026257736439532654 0.008600827016377904 -0.00012220258465576455 0.9999630047362567
2483890.5 0.5229339599609375 2483890.5 0.5221328735351562 -0.6301821219008427 0.776427658445704 0.005530319798181194 -0.7763994823049478 -0.6302063754624423 0.0066157541598133845 0.008621897306318623 -0.00012460743388890036 0.9999628229888482
2483961.5 0.14099884033203125 2483961.5 0.14019775390625 0.4821840752563178 0.8760605362932717 -0.004056392332736048 -0.8760273699532377 0.48220112163266593 0.007624000853206648 0.008635083208790386 -0.0001226610944172125 0.9999627094508242
2484032.5 0.759063720703125 2484032.5 0.7582626342773438 0.9949516693560193 -0.09998415433457222 -0.008622327276912293 0.09998153373056888 0.9949890210018346 -0.0007355261342636318 0.008652661934540038 -0.00013026055033769237 0.9999625565358112
2484103.5 0.37712860107421875 2484103.5 0.3763275146484375 0.28177942907063364 -0.9594757777608351 -0.0025661728052780645 0.9594400107930826 0.2817910851328531 -0.008285531305835472 0.008672891213268301 -0.00012739658309333002 0.9999623816564868
2484174.5 0.9951934814453125 2484174.5 0.9943923950195312 -0.7720607616116295 -0.635514210632763 0.006623327221982083 0.6354893762499901 -0.7720891601725037 -0.005619734648004701 0.008685220381162468 -0.00012972252740239682 0.9999622743478859
2484245.5 0.6132583618164062 2484245.5 0.612457275390625 -0.8793117181312787 0.47618413209965543 0.007718464453124341 -0.47616710856308986 -0.879345583198341 0.004028651416858411 0.008705577504399398 -0.00013283850208717783 0.9999620969188019
2484316.5 0.2313232421875 2484316.5 0.23052215576171875 0.11027052396441384 0.9939012612924946 -0.0008332741462988976 -0.9938633585468314 0.11027359673640423 0.008680921657777384 0.008719867122028453 -0.00012908913807183775 0.9999619729036544
2484387.5 0.8493881225585938 2484387.5 0.8485870361328125 0.957485284610089 0.288361957243155 -0.008325345040004926 -0.2883498246645026 0.957521468831578 0.0026486491965955847 0.008735466277618365 -0.00013543084728336 0.9999618359154504
2484458.5 0.4674530029296875 2484458.5 0.46665191650390625 0.6274667046485247 -0.7786232685216974 -0.005598238482491856 0.7785941541870289 0.6274916637097196 -0.006734615103730538 0.008756576003527191 -0.00013300901000472577 0.9999616516073493
2484529.5 0.08551788330078125 2484529.5 0.084716796875 -0.48523928066920335 -0.87437160717975 0.004139209288918166 0.8743374346131361 -0.48525691647894087 -0.0077314580428155515 0.008768747330943195 -0.00013254150822613808 0.9999615450121043
2484600.5 0.703582763671875 2484600.5 0.7027816772460938 -0.9945953399784017 0.10345751360914722 0.008755145404843737 -0.10345470834805137 -0.9946338644819595 0.0007739162119853191 0.008788231555157346 -0.00013602755643429072 0.999961373495315
2484671.5 0.32164764404296875 2484671.5 0.3208465576171875 -0.27842749475979456 0.9604537928240577 0.0025772100544788805 -0.960416898365738 -0.2784393914111924 0.00841942065121882 0.00880406129695456 -0.0001309978877175567 0.9999612349207506
2484742.5 0.9397125244140625 2484742.5 0.9389114379882812 0.7742739864771176 0.6328146145880517 -0.006742212441822873 -0.6327890916215927 0.7743033289509771 0.005685094559638192 0.008818128460854552 -0.0001354223416151679 0.9999611103794173
2484813.5 0.5577774047851562 2484813.5 0.556976318359375 0.8776427906926607 -0.4792514333840144 -0.007822758117412495 0.4792337497573468 0.8776776433863408 -0.004119149586280296 0.008839968252822305 -0.00013378776787448837 0.9999609177673507
2484884.5 0.17584228515625 2484884.5 0.17504119873046875 -0.11373978749871536 -0.9935101867423272 0.0008772565038804387 0.9934711306044555 -0.11374309559758806 -0.008810270108360167 0.00885287497099407 -0.00013054923919663617 0.9999608040126593
2484955.5 0.7939071655273438 2484955.5 0.7931060791015625 -0.9584850678977903 -0.2850170477756248 0.008465051342823644 0.2850046945204052 -0.9585224381788063 -0.002656992488804705 0.00887122980755556 -0.00013410825398054314 0.9999606408737686
2485026.5 0.4119720458984375 2485026.5 0.41117095947265625 -0.6247437351853211 0.7808093881265707 0.005653738595021098 -0.7807792602985602 -0.6247693037668365 0.006860303079187142 0.008888871375316305 -0.0001283904679530337 0.9999604849600613
2485097.5 0.03003692626953125 2485097.5 0.02923583984375 0.4882884658432379 0.8726720206164629 -0.004233031731427078 -0.8726368870703325 0.48830679646189945 0.007831720967610404 0.008901541925805953 -0.00013023938321001953 0.9999603720093343
2485168.5 0.648101806640625 2485168.5 0.6473007202148438 0.9942268746772732 -0.10692961174527457 -0.008887058088358305 0.10692650681590295 0.994266584606332 -0.0008251517489452303 0.008924338048858078 -0.00012987403277555022 0.9999601688683031
2485239.5 0.26616668701171875 2485239.5 0.2653656005859375 0.27507224843790834 -0.9614201007945997 -0.0025783575030717825 0.9613820046921989 0.27508430406494394 -0.008559597602428805 0.008938634869053781 -0.0001242787468982685 0.9999600418824097
2485310.5 0.8842315673828125 2485310.5 0.8834304809570312 -0.7764776440395114 -0.6301073056834827 0.006873982190476716 0.6300811538283941 -0.7765080598860181 -0.005742170524221135 0.008955886172212544 -0.00012750041035464383 0.9999598871187363
2485381.5 0.5022964477539062 2485381.5 0.501495361328125 -0.8759631998793366 0.48231289361041946 0.007921181369946547 -0.4822944269202656 -0.8759990056123914 0.004222313081276793 0.008975423043310657 -0.00012175075178788965 0.9999597126674395
2485452.5 0.120361328125 2485452.5 0.11956024169921875 0.1172075560646396 0.9931070022571548 -0.0009332037090642619 -0.9930667689830711 0.11721120850837223 0.008940075029324403 0.008987833046852661 -0.00012111075306374294 0.9999596012786254
2485523.5 0.7384262084960938 2485523.5 0.7376251220703125 0.9594730869200265 0.2816686637744164 -0.008611580789344252 -0.2816561767406176 0.9595117242560002 0.0026550177276294202 0.009010748027394651 -0.00012191313414202886 0.9999593949542025
2485594.5 0.3564910888671875 2485594.5 0.35569000244140625 0.6220131771762948 -0.7829859904575629 -0.005704924735515954 0.7829547376192502 0.6220393280130302 -0.006996659536638736 0.009026973946037036 -0.00011468342143350109 0.9999592494642423
2485665.5 0.9745559692382812 2485665.5 0.9737548828125 -0.4762777831151082 -0.8792848213411766 0.004204315636972823 0.8792483678511774 -0.4762963250382706 -0.00800739571123171 0.00904328159455191 -0.00011710701613703179 0.9999591018356442
2485736.5 0.592620849609375 2485736.5 0.5918197631835938 -0.9938462472761127 0.11040040753955382 0.0090214627576284 -0.11039688205340015 -0.993887185479499 0.0008893663632610846 0.009064502638045743 -0.00011204793742821506 0.9999589102744095
2485807.5 0.21068572998046875 2485807.5 0.2098846435546875 -0.27171371558878427 0.9623746898822317 0.002571582200487689 -0.9623353141976562 -0.27172586252918085 0.008706243786650629 0.00907743405571156 -0.0001091185168043621 0.9999587932930605
2485878.5 0.8287506103515625 2485878.5 0.8279495239257812 0.778671722214647 0.6273923152707513 -0.007016534934316528 -0.6273655545002825 0.7787033263108787 0.00579574144726636 0.009100002737842202 -0.00011104764452134139 0.999958587951817
2485949.5 0.44681549072265625 2485949.5 0.446014404296875 0.8742728888196707 -0.48536847548462303 -0.008022398683577599 0.485349121181069 0.8743096890566022 -0.004335688009247055 0.009118467177754368 -0.00010308966997909625 0.9999584206000007
2486020.5 0.06488037109375 2486020.5 0.06407928466796875 -0.12067380662218359 -0.9926917120326832 0.000998627524493018 0.9926501911684893 -0.12067789341561797 -0.009079868607489668 0.009134022578965742 -0.00010441450540667756 0.999958278494227
2486091.5 0.6829452514648438 2486091.5 0.6821441650390625 -0.9604493098549709 -0.27831684483103264 0.008766817119724137 0.2783042934272784 -0.9604893147538949 -0.0026450904588077645 0.009156607398686938 -0.00010063246156056938 0.9999580723280623
2486162.5 0.3010101318359375 2486162.5 0.30020904541015625 -0.6192750372427815 0.7851530491954287 0.005754788186345687 -0.785120579690751 -0.6193017682373307 0.007141092645899853 0.00917080116515285 -9.590222262304172e-05 0.999957942719969
2486233.5 0.9190750122070312 2486233.5 0.91827392578125 0.4793439606443356 0.8776164910074967 -0.004319965913302095 -0.8775789779236033 0.4793634163775258 0.008114958128542918 0.009192654696281895 -9.874489894378045e-05 0.9999577417816614
2486304.5 0.537139892578125 2486304.5 0.5363388061523438 0.9934534106290752 -0.1138698591750465 -0.009163846403793684 0.11386585936700158 0.9934956702938559 -0.0009587376999679958 0.009213413052290448 -9.098800794897045e-05 0.9999575514696163
2486375.5 0.15520477294921875 2486375.5 0.1544036865234375 0.26835187161839813 -0.9633175476692374 -0.0025642448065469232 0.963276752999485 0.2683641073005267 -0.008865835750908616 0.00922876642201485 -9.09137939343835e-05 0.9999574098955465
2486446.5 0.7732696533203125 2486446.5 0.7724685668945312 -0.7808561963912785 -0.6246696752922175 0.007169192957571522 0.6246422987741649 -0.7808891015078533 -0.00584890830681031 0.009251980300005945 -8.897512412987701e-05 0.9999571955558676
2486517.5 0.39133453369140625 2486517.5 0.390533447265625 -0.8725718624618813 0.48841814228373426 0.008127922730175345 -0.48839783948653925 -0.8726097130884348 0.0044541002012858915 0.009267967667443274 -8.313739270905474e-05 0.9999570480093078
2486588.5 0.0093994140625 2486588.5 0.00859832763671875 0.12413855251104164 0.9922643200860801 -0.0010671759805228743 -0.9922214214295682 0.12414310931709235 0.009227094091365592 0.009288198789352128 -8.656323608109057e-05 0.9999568600044981
2486659.5 0.6274642944335938 2486659.5 0.6266632080078125 0.9614137198685182 0.2749616309846679 -0.008930886564681308 -0.2749489960127241 0.9614551966222603 0.0026371347414339253 0.009311758167690113 -7.983922709939908e-05 0.9999566414527803
2486730.5 0.2455291748046875 2486730.5 0.24472808837890625 0.6165292639042484 -0.7873105373229539 -0.005812449563193143 0.7872767431877189 0.6165566573121207 -0.007295064074096941 0.009327185289462634 -7.838587832202979e-05 0.9999564977888937
2486801.5 0.8635940551757812 2486801.5 0.86279296875 -0.48240422036313113 -0.8759374609590973 0.004442146369885716 0.8758988164210302 -0.482424665959625 -0.008228308816515595 0.009350484911364242 -7.85001517920947e-05 0.9999562801791129
2486872.5 0.481658935546875 2486872.5 0.48085784912109375 -0.9930483833821219 0.11733792495734971 0.00931233745397344 -0.1173334487881197 -0.9930920431329736 0.001027453873594569 0.009368567534029513 -7.233726158635774e-05 0.9999561113917355
2486943.5 0.09972381591796875 2486943.5 0.0989227294921875 -0.26498671545504127 0.9642486623160345 0.0025608307413136 -0.9642063655760652 -0.26499907823612506 0.009031783688778482 0.009387503126201605 -7.58666075533669e-05 0.9999559335437305
2487014.5 0.7177886962890625 2487014.5 0.7169876098632812 0.7830310836150871 0.6219394181778727 -0.007326814393326426 -0.6219113426616844 0.7830653581124846 0.005909889415597622 0.00941296772136856 -7.099813635984957e-05 0.9999556945174829
2487085.5 0.33585357666015625 2487085.5 0.335052490234375 0.8708600703894599 -0.4914618563278958 -0.008245094056548405 0.4914405721685323 0.8708990981195814 -0.004574376587825682 0.009428776587157144 -6.833182347735675e-05 0.9999555457633261
2487156.5 0.95391845703125 2487156.5 0.9531173706054688 -0.11052295201158899 -0.9938730941261635 0.000974602857915528 0.9938286291940329 -0.11052722652339528 -0.009401488783958524 0.009451606897954799 -7.049207142164892e-05 0.9999553300812564
2487227.5 0.5719833374023438 2487227.5 0.5711822509765625 -0.9623663537970158 -0.27160306284506847 0.009098204911715074 0.2715902888658519 -0.9624093578380527 -0.0026349458264348724 0.009471856903455603 -6.479910731111803e-05 0.9999551388576772
2487298.5 0.1900482177734375 2487298.5 0.18924713134765625 -0.6137758830659157 0.789458428541643 0.005878347660027726 -0.7894232801995735 -0.6138040281571715 0.007449811875372445 0.009489470248698041 -6.798962945660822e-05 0.9999549716521287
2487369.5 0.8081130981445312 2487369.5 0.80731201171875 0.4854586000899585 0.874247751198273 -0.004562578597947053 -0.8742078640168094 0.4854800358629847 0.00835136334022664 0.009516201440994193 -6.559906547468902e-05 0.9999547177782085
2487440.5 0.426177978515625 2487440.5 0.42537689208984375 0.9926311340494957 -0.12080456187806028 -0.009470456433635123 0.12079965974434925 0.9926763087657696 -0.0010900554189007443 0.0095327814021734 -6.200496817226022e-05 0.9999545600846682
2487511.5 0.04424285888671875 2487511.5 0.0434417724609375 0.2616182673317929 -0.9651680222864891 -0.0025633871921357104 0.9651241337188121 0.2616308170086293 -0.00920446114182186 0.009554512641855303 -6.593166755529124e-05 0.9999543524287455
2487582.5 0.6623077392578125 2487582.5 0.6615066528320312 -0.7851964257121961 -0.619201577423529 0.007481949278623198 0.6191727206205712 -0.7852320693512238 -0.005978235668866797 0.009576799471208456 -6.147038887476735e-05 0.9999541395150479
2487653.5 0.28037261962890625 2487653.5 0.279571533203125 -0.8691375657099257 0.49449958025595403 0.008370005884529663 -0.4944773587884927 -0.8691778650172576 0.004688348280603053 0.009593410101751647 -6.395879102844042e-05 0.9999539801370325
2487724.5 0.8984375 2487724.5 0.8976364135742188 0.11399197213122599 0.9934811340362588 -0.0010327650572578035 -0.9934350886753474 0.11399663227873755 0.009565166894010043 0.009620544591572062 -6.43671917804835e-05 0.999953719418367
2487795.5 0.5165023803710938 2487795.5 0.5157012939453125 0.9633071976088347 0.26824118250215334 -0.009268821114969645 -0.2682281643195569 0.963351786411303 0.002643384934198124 0.009638200079592828 -6.023286009492739e-05 0.9999535496567968
2487866.5 0.1345672607421875 2487866.5 0.13376617431640625 0.611014913656766 -0.7915966960063681 -0.005953667845474291 0.7915601591797015 0.6110439154339314 -0.00760577481778609 0.009658658727821953 -6.544442389000473e-05 0.999953351926282
2487937.5 0.7526321411132812 2487937.5 0.7518310546875 -0.48850712017940273 -0.8725473828190945 0.004675282833925491 0.8725061876561011 -0.48852948815104197 -0.008478897846689114 0.009682253655140355 -6.278876774477655e-05 0.99995312391218
2488008.5 0.370697021484375 2488008.5 0.36989593505859375 -0.9922017307947323 0.12426972683234766 0.00963122011744458 -0.12426450237738587 -0.9922484723320742 0.0011413165934644437 0.009698394549529718 -6.440247576678756e-05 0.9999529673917084
